ENCODER,DATASET,PREPROC,ALGORITHM,ORDER,ALPHA,PRE,REC,SPE,F1,GEO,IBA
OrdinalEncoder,abalone-3_vs_11,borderline1,ABC,NONE,NONE,1.0,1.0,1.0,1.0,1.0,1.0
OrdinalEncoder,abalone-3_vs_11,borderline1,DTREE,NONE,NONE,1.0,1.0,1.0,1.0,1.0,1.0
OrdinalEncoder,abalone-3_vs_11,borderline1,KNN,NONE,NONE,0.9985,0.998,0.9999399999999999,0.99814,0.99896,0.99774
OrdinalEncoder,abalone-3_vs_11,borderline1,LRG,NONE,NONE,0.98882,0.98006,0.9994,0.98282,0.98964,0.97754
OrdinalEncoder,abalone-3_vs_11,borderline1,MLP,NONE,NONE,0.997,0.996,0.9998799999999999,0.9962799999999999,0.99792,0.99548
OrdinalEncoder,abalone-3_vs_11,borderline1,RF,NONE,NONE,1.0,1.0,1.0,1.0,1.0,1.0
OrdinalEncoder,abalone-3_vs_11,borderline1,SGD,NONE,NONE,0.99312,0.9900399999999999,0.9997,0.9909399999999999,0.99482,0.9887600000000001
OrdinalEncoder,abalone-3_vs_11,borderline1,SVM,NONE,NONE,0.99222,0.98802,0.99964,0.98926,0.9937799999999999,0.9865
OrdinalEncoder,credit-approval,borderline1,ABC,NONE,NONE,0.8505,0.8449399999999999,0.84988,0.84514,0.84626,0.7166399999999999
OrdinalEncoder,credit-approval,borderline1,DTREE,NONE,NONE,0.8194600000000001,0.81594,0.8143199999999999,0.8158199999999999,0.8137599999999999,0.6635800000000001
OrdinalEncoder,credit-approval,borderline1,KNN,NONE,NONE,0.6939,0.6913,0.6862799999999999,0.6911799999999999,0.68718,0.4737
OrdinalEncoder,credit-approval,borderline1,LRG,NONE,NONE,0.80472,0.7927599999999999,0.78962,0.79068,0.78452,0.6169800000000001
OrdinalEncoder,credit-approval,borderline1,MLP,NONE,NONE,0.73716,0.7318800000000001,0.72632,0.7306199999999999,0.7249800000000001,0.5275
OrdinalEncoder,credit-approval,borderline1,RF,NONE,NONE,0.8620800000000001,0.8579600000000001,0.8560399999999999,0.8578000000000001,0.8555799999999999,0.7325200000000001
OrdinalEncoder,credit-approval,borderline1,SGD,NONE,NONE,0.6408400000000001,0.62608,0.6314200000000001,0.62222,0.6179,0.383
OrdinalEncoder,credit-approval,borderline1,SVM,NONE,NONE,0.70286,0.6637799999999999,0.59802,0.62612,0.55396,0.31138000000000005
OrdinalEncoder,dataset_31_credit-g,borderline1,ABC,NONE,NONE,0.7179399999999999,0.7010000000000001,0.63758,0.70698,0.6633199999999999,0.44522
OrdinalEncoder,dataset_31_credit-g,borderline1,DTREE,NONE,NONE,0.66076,0.6399999999999999,0.5580999999999999,0.6457200000000001,0.58228,0.3472000000000001
OrdinalEncoder,dataset_31_credit-g,borderline1,KNN,NONE,NONE,0.63362,0.5329999999999999,0.56558,0.5401,0.525,0.27708000000000005
OrdinalEncoder,dataset_31_credit-g,borderline1,LRG,NONE,NONE,0.7136600000000001,0.682,0.64658,0.6915399999999999,0.6619400000000001,0.44101999999999997
OrdinalEncoder,dataset_31_credit-g,borderline1,MLP,NONE,NONE,0.67298,0.6240000000000001,0.5607800000000001,0.61402,0.53452,0.29991999999999996
OrdinalEncoder,dataset_31_credit-g,borderline1,RF,NONE,NONE,0.7014600000000001,0.696,0.5935199999999999,0.6975399999999999,0.6308199999999999,0.40204
OrdinalEncoder,dataset_31_credit-g,borderline1,SGD,NONE,NONE,0.36918,0.5409999999999999,0.46803999999999996,0.41,0.057120000000000004,0.016900000000000002
OrdinalEncoder,dataset_31_credit-g,borderline1,SVM,NONE,NONE,0.60192,0.53,0.51856,0.52498,0.4600799999999999,0.22628
OrdinalEncoder,dermatology,borderline1,ABC,NONE,NONE,0.43543999999999994,0.5764,0.83116,0.46512,0.48974,0.42366000000000004
OrdinalEncoder,dermatology,borderline1,DTREE,NONE,NONE,0.95878,0.95076,0.9904799999999999,0.94992,0.96876,0.9389799999999999
OrdinalEncoder,dermatology,borderline1,KNN,NONE,NONE,0.8092,0.78676,0.9604199999999998,0.7889400000000001,0.8633000000000001,0.75044
OrdinalEncoder,dermatology,borderline1,LRG,NONE,NONE,0.94584,0.9426,0.98894,0.94244,0.96456,0.92918
OrdinalEncoder,dermatology,borderline1,MLP,NONE,NONE,0.92906,0.92632,0.9856399999999998,0.92576,0.9541,0.90964
OrdinalEncoder,dermatology,borderline1,RF,NONE,NONE,0.97338,0.9726,0.99458,0.97236,0.98298,0.96606
OrdinalEncoder,dermatology,borderline1,SGD,NONE,NONE,0.84906,0.77828,0.95666,0.7501999999999999,0.8172599999999999,0.7330200000000001
OrdinalEncoder,dermatology,borderline1,SVM,NONE,NONE,0.7966799999999999,0.74052,0.9559200000000001,0.7356199999999999,0.8247,0.7007800000000001
OrdinalEncoder,dresses-sales,borderline1,ABC,NONE,NONE,0.5883200000000001,0.5820000000000001,0.57252,0.58282,0.5739599999999999,0.331
OrdinalEncoder,dresses-sales,borderline1,DTREE,NONE,NONE,0.5224,0.518,0.50122,0.5188999999999999,0.50566,0.25846
OrdinalEncoder,dresses-sales,borderline1,KNN,NONE,NONE,0.55284,0.54,0.5421000000000001,0.5425399999999999,0.54028,0.29242
OrdinalEncoder,dresses-sales,borderline1,LRG,NONE,NONE,0.5172399999999999,0.502,0.5053799999999999,0.504,0.50084,0.25182000000000004
OrdinalEncoder,dresses-sales,borderline1,MLP,NONE,NONE,0.53566,0.53,0.51646,0.53064,0.5187999999999999,0.27016
OrdinalEncoder,dresses-sales,borderline1,RF,NONE,NONE,0.5219400000000001,0.528,0.4861,0.51968,0.48414,0.23564
OrdinalEncoder,dresses-sales,borderline1,SGD,NONE,NONE,0.4382,0.48200000000000004,0.5132399999999999,0.3892399999999999,0.2694,0.09374
OrdinalEncoder,dresses-sales,borderline1,SVM,NONE,NONE,0.5080600000000001,0.4900000000000001,0.5006600000000001,0.4906,0.4901,0.2408
OrdinalEncoder,heart,borderline1,ABC,NONE,NONE,0.7955599999999999,0.7926,0.79074,0.7924800000000001,0.7903600000000001,0.6261399999999999
OrdinalEncoder,heart,borderline1,DTREE,NONE,NONE,0.7322599999999999,0.7259,0.7207399999999999,0.72438,0.71848,0.51718
OrdinalEncoder,heart,borderline1,KNN,NONE,NONE,0.6139000000000001,0.60368,0.6079600000000001,0.6031000000000001,0.6015,0.36286
OrdinalEncoder,heart,borderline1,LRG,NONE,NONE,0.7782399999999999,0.7740600000000001,0.7726000000000001,0.77372,0.7712800000000001,0.59724
OrdinalEncoder,heart,borderline1,MLP,NONE,NONE,0.7983,0.7889,0.7861,0.78732,0.78218,0.61432
OrdinalEncoder,heart,borderline1,RF,NONE,NONE,0.78908,0.7889,0.78278,0.7886199999999999,0.7848999999999999,0.61812
OrdinalEncoder,heart,borderline1,SGD,NONE,NONE,0.44458000000000003,0.563,0.45533999999999997,0.41848,0.09788,0.02498
OrdinalEncoder,heart,borderline1,SVM,NONE,NONE,0.61636,0.5963,0.61202,0.5955,0.5977399999999999,0.36626
OrdinalEncoder,hepatitis,borderline1,ABC,NONE,NONE,0.8192600000000001,0.8129,0.65678,0.81286,0.7046399999999999,0.53114
OrdinalEncoder,hepatitis,borderline1,DTREE,NONE,NONE,0.74888,0.7097,0.5337399999999999,0.72216,0.59646,0.36596
OrdinalEncoder,hepatitis,borderline1,KNN,NONE,NONE,0.7301,0.58712,0.5988999999999999,0.62552,0.58934,0.35318
OrdinalEncoder,hepatitis,borderline1,LRG,NONE,NONE,0.8184799999999999,0.78066,0.68474,0.79242,0.72546,0.5345000000000001
OrdinalEncoder,hepatitis,borderline1,MLP,NONE,NONE,0.81288,0.8129000000000002,0.6077600000000001,0.8036,0.6452600000000001,0.47202
OrdinalEncoder,hepatitis,borderline1,RF,NONE,NONE,0.79852,0.7806400000000001,0.6223799999999999,0.78666,0.68128,0.4845
OrdinalEncoder,hepatitis,borderline1,SGD,NONE,NONE,0.7695000000000001,0.51612,0.6302199999999999,0.4882400000000001,0.36948,0.19088
OrdinalEncoder,hepatitis,borderline1,SVM,NONE,NONE,0.72428,0.5612999999999999,0.5968,0.5976199999999999,0.55318,0.32078
OrdinalEncoder,horse-colic-surgical,borderline1,ABC,NONE,NONE,0.8021199999999999,0.79668,0.7729999999999999,0.7973,0.7821600000000001,0.6158399999999999
OrdinalEncoder,horse-colic-surgical,borderline1,DTREE,NONE,NONE,0.8262600000000001,0.8200200000000001,0.7976199999999999,0.8201799999999999,0.8057399999999999,0.6515000000000001
OrdinalEncoder,horse-colic-surgical,borderline1,KNN,NONE,NONE,0.73512,0.7233400000000001,0.70724,0.7260600000000001,0.71312,0.5108400000000001
OrdinalEncoder,horse-colic-surgical,borderline1,LRG,NONE,NONE,0.623,0.7133200000000001,0.5383399999999999,0.64662,0.4042,0.27794
OrdinalEncoder,horse-colic-surgical,borderline1,MLP,NONE,NONE,0.55678,0.61666,0.52632,0.52484,0.28881999999999997,0.17274000000000006
OrdinalEncoder,horse-colic-surgical,borderline1,RF,NONE,NONE,0.8549399999999999,0.85334,0.8142199999999999,0.8522200000000001,0.8302200000000001,0.6931400000000001
OrdinalEncoder,horse-colic-surgical,borderline1,SGD,NONE,NONE,0.2987,0.53,0.47,0.37758,0.0,0.0
OrdinalEncoder,horse-colic-surgical,borderline1,SVM,NONE,NONE,0.6220600000000001,0.42668,0.6411800000000001,0.34781999999999996,0.35894000000000004,0.12946
OrdinalEncoder,kddcup-land_vs_portsweep,borderline1,ABC,NONE,NONE,0.99924,0.9990600000000001,0.99998,0.9991,0.9995200000000001,0.9989399999999999
OrdinalEncoder,kddcup-land_vs_portsweep,borderline1,DTREE,NONE,NONE,0.99924,0.9990600000000001,0.99998,0.9991,0.9995200000000001,0.9989399999999999
OrdinalEncoder,kddcup-land_vs_portsweep,borderline1,KNN,NONE,NONE,0.99874,0.9981200000000001,0.9999600000000001,0.9983,0.9990400000000002,0.9979
OrdinalEncoder,kddcup-land_vs_portsweep,borderline1,LRG,NONE,NONE,0.99924,0.9990600000000001,0.99998,0.9991,0.9995200000000001,0.9989399999999999
OrdinalEncoder,kddcup-land_vs_portsweep,borderline1,MLP,NONE,NONE,0.99874,0.9981200000000001,0.9999600000000001,0.9983,0.9990400000000002,0.9979
OrdinalEncoder,kddcup-land_vs_portsweep,borderline1,RF,NONE,NONE,1.0,1.0,1.0,1.0,1.0,1.0
OrdinalEncoder,kddcup-land_vs_portsweep,borderline1,SGD,NONE,NONE,0.99642,0.99624,0.8628,0.9961,0.9248,0.8691800000000001
OrdinalEncoder,kddcup-land_vs_portsweep,borderline1,SVM,NONE,NONE,0.99874,0.9981200000000001,0.9999600000000001,0.9983,0.9990400000000002,0.9979
OrdinalEncoder,thyroid-hypothyroid,borderline1,ABC,NONE,NONE,0.98356,0.97976,0.91706,0.981,0.94766,0.9038
OrdinalEncoder,thyroid-hypothyroid,borderline1,DTREE,NONE,NONE,0.9858399999999999,0.9845,0.8860600000000001,0.98488,0.933,0.8798400000000001
OrdinalEncoder,thyroid-hypothyroid,borderline1,KNN,NONE,NONE,0.97866,0.97312,0.8918199999999998,0.97496,0.93104,0.87418
OrdinalEncoder,thyroid-hypothyroid,borderline1,LRG,NONE,NONE,0.97416,0.95576,0.9350799999999999,0.96168,0.945,0.8949999999999999
OrdinalEncoder,thyroid-hypothyroid,borderline1,MLP,NONE,NONE,0.9818,0.97756,0.9112600000000001,0.97894,0.94344,0.8962200000000001
OrdinalEncoder,thyroid-hypothyroid,borderline1,RF,NONE,NONE,0.98812,0.98734,0.9049799999999999,0.98762,0.94492,0.90038
OrdinalEncoder,thyroid-hypothyroid,borderline1,SGD,NONE,NONE,0.9689399999999999,0.9070600000000001,0.97018,0.92816,0.9374399999999999,0.8737400000000001
OrdinalEncoder,thyroid-hypothyroid,borderline1,SVM,NONE,NONE,0.9731,0.9459200000000001,0.96584,0.9547,0.9558200000000001,0.9119200000000001
OrdinalEncoder,abalone-3_vs_11,borderline2,ABC,NONE,NONE,0.9936,0.98808,0.99964,0.98986,0.9938,0.98658
OrdinalEncoder,abalone-3_vs_11,borderline2,DTREE,NONE,NONE,0.99552,0.9940200000000001,0.99982,0.99444,0.9969,0.99324
OrdinalEncoder,abalone-3_vs_11,borderline2,KNN,NONE,NONE,0.98984,0.98408,0.9995200000000001,0.9858,0.99172,0.98206
OrdinalEncoder,abalone-3_vs_11,borderline2,LRG,NONE,NONE,0.9817600000000001,0.9483,0.99844,0.9600200000000001,0.97292,0.9420200000000001
OrdinalEncoder,abalone-3_vs_11,borderline2,MLP,NONE,NONE,0.99164,0.98804,0.99964,0.98908,0.9938,0.9865
OrdinalEncoder,abalone-3_vs_11,borderline2,RF,NONE,NONE,0.99552,0.9940200000000001,0.99982,0.99444,0.9969,0.99324
OrdinalEncoder,abalone-3_vs_11,borderline2,SGD,NONE,NONE,0.9789399999999999,0.92238,0.9976200000000001,0.9429799999999998,0.9591,0.9131
OrdinalEncoder,abalone-3_vs_11,borderline2,SVM,NONE,NONE,0.9830399999999999,0.9601799999999999,0.9988,0.9678,0.9792799999999999,0.95524
OrdinalEncoder,credit-approval,borderline2,ABC,NONE,NONE,0.8474999999999999,0.8420200000000001,0.84744,0.8423,0.8436599999999999,0.7126399999999999
OrdinalEncoder,credit-approval,borderline2,DTREE,NONE,NONE,0.8089600000000001,0.8029,0.8001400000000001,0.8025,0.7990999999999999,0.6398199999999999
OrdinalEncoder,credit-approval,borderline2,KNN,NONE,NONE,0.6890000000000001,0.6840599999999999,0.6795399999999999,0.6831999999999999,0.6783600000000001,0.4608
OrdinalEncoder,credit-approval,borderline2,LRG,NONE,NONE,0.8072199999999999,0.7956599999999999,0.7895800000000001,0.79378,0.7864800000000001,0.61924
OrdinalEncoder,credit-approval,borderline2,MLP,NONE,NONE,0.7443600000000001,0.73478,0.7162,0.7298600000000001,0.71428,0.51176
OrdinalEncoder,credit-approval,borderline2,RF,NONE,NONE,0.8718199999999999,0.8666600000000001,0.8675599999999999,0.8666600000000001,0.8657199999999999,0.7501800000000001
OrdinalEncoder,credit-approval,borderline2,SGD,NONE,NONE,0.6325999999999999,0.61738,0.63188,0.6167600000000001,0.61974,0.3883800000000001
OrdinalEncoder,credit-approval,borderline2,SVM,NONE,NONE,0.6996199999999999,0.66232,0.5968600000000001,0.625,0.55338,0.31060000000000004
OrdinalEncoder,dataset_31_credit-g,borderline2,ABC,NONE,NONE,0.70794,0.6839999999999999,0.6321999999999999,0.6922,0.6543399999999999,0.43118
OrdinalEncoder,dataset_31_credit-g,borderline2,DTREE,NONE,NONE,0.6382399999999999,0.614,0.5298200000000001,0.6232800000000001,0.5613199999999999,0.31796
OrdinalEncoder,dataset_31_credit-g,borderline2,KNN,NONE,NONE,0.61782,0.517,0.5568199999999999,0.5312,0.52366,0.2746
OrdinalEncoder,dataset_31_credit-g,borderline2,LRG,NONE,NONE,0.7072200000000001,0.675,0.63976,0.6849999999999999,0.6551600000000001,0.43186
OrdinalEncoder,dataset_31_credit-g,borderline2,MLP,NONE,NONE,0.6918599999999999,0.643,0.5993599999999999,0.64318,0.5947399999999999,0.35596
OrdinalEncoder,dataset_31_credit-g,borderline2,RF,NONE,NONE,0.70096,0.6940000000000001,0.5907399999999999,0.69516,0.62702,0.39766
OrdinalEncoder,dataset_31_credit-g,borderline2,SGD,NONE,NONE,0.5152399999999999,0.5459999999999999,0.4720800000000001,0.41718,0.08660000000000001,0.02114
OrdinalEncoder,dataset_31_credit-g,borderline2,SVM,NONE,NONE,0.5988,0.5489999999999999,0.5000800000000001,0.54414,0.45784,0.22986000000000004
OrdinalEncoder,dermatology,borderline2,ABC,NONE,NONE,0.4280200000000001,0.5465199999999999,0.8436400000000001,0.43854,0.4618399999999999,0.39622
OrdinalEncoder,dermatology,borderline2,DTREE,NONE,NONE,0.93962,0.93442,0.9867,0.9343,0.95934,0.91768
OrdinalEncoder,dermatology,borderline2,KNN,NONE,NONE,0.7853199999999999,0.7703599999999999,0.95928,0.7703599999999999,0.8522200000000001,0.7338199999999999
OrdinalEncoder,dermatology,borderline2,LRG,NONE,NONE,0.9401200000000001,0.93442,0.98842,0.93354,0.9595,0.91992
OrdinalEncoder,dermatology,borderline2,MLP,NONE,NONE,0.94078,0.93168,0.9876,0.92982,0.9568200000000001,0.91638
OrdinalEncoder,dermatology,borderline2,RF,NONE,NONE,0.96772,0.9671200000000001,0.99384,0.96674,0.9797799999999999,0.9595799999999999
OrdinalEncoder,dermatology,borderline2,SGD,NONE,NONE,0.79064,0.74034,0.9561,0.7127600000000001,0.7820400000000001,0.69438
OrdinalEncoder,dermatology,borderline2,SVM,NONE,NONE,0.77066,0.7106399999999999,0.95236,0.71302,0.8051999999999999,0.66998
OrdinalEncoder,dresses-sales,borderline2,ABC,NONE,NONE,0.5778399999999999,0.5700000000000001,0.56384,0.57184,0.5654,0.32120000000000004
OrdinalEncoder,dresses-sales,borderline2,DTREE,NONE,NONE,0.48804,0.4920000000000001,0.45874,0.48924,0.4616400000000001,0.21506
OrdinalEncoder,dresses-sales,borderline2,KNN,NONE,NONE,0.5294800000000001,0.512,0.52184,0.5139600000000001,0.51446,0.26634
OrdinalEncoder,dresses-sales,borderline2,LRG,NONE,NONE,0.54782,0.534,0.53646,0.5363,0.5335,0.28544
OrdinalEncoder,dresses-sales,borderline2,MLP,NONE,NONE,0.5212999999999999,0.51,0.5072399999999999,0.5114799999999999,0.5050399999999999,0.2572
OrdinalEncoder,dresses-sales,borderline2,RF,NONE,NONE,0.5174999999999998,0.524,0.4845600000000001,0.5183800000000001,0.48652,0.23822
OrdinalEncoder,dresses-sales,borderline2,SGD,NONE,NONE,0.48908,0.54,0.4633,0.46204,0.29348,0.11398
OrdinalEncoder,dresses-sales,borderline2,SVM,NONE,NONE,0.52912,0.508,0.5241800000000001,0.50852,0.51074,0.26081999999999994
OrdinalEncoder,heart,borderline2,ABC,NONE,NONE,0.7821,0.77778,0.7788999999999999,0.7779200000000001,0.7771399999999999,0.60516
OrdinalEncoder,heart,borderline2,DTREE,NONE,NONE,0.7239199999999999,0.7185199999999999,0.71314,0.7169399999999999,0.71108,0.5074799999999999
OrdinalEncoder,heart,borderline2,KNN,NONE,NONE,0.61846,0.6037,0.60632,0.6019399999999999,0.5976000000000001,0.36118
OrdinalEncoder,heart,borderline2,LRG,NONE,NONE,0.79146,0.78888,0.7844399999999999,0.7880800000000001,0.7841400000000001,0.6190599999999999
OrdinalEncoder,heart,borderline2,MLP,NONE,NONE,0.7862600000000001,0.7703800000000001,0.7729600000000001,0.76842,0.7644599999999999,0.58602
OrdinalEncoder,heart,borderline2,RF,NONE,NONE,0.7981,0.79628,0.79372,0.79604,0.7937399999999999,0.63232
OrdinalEncoder,heart,borderline2,SGD,NONE,NONE,0.33158000000000004,0.4703600000000001,0.5363200000000001,0.30604000000000003,0.03652,0.0066
OrdinalEncoder,heart,borderline2,SVM,NONE,NONE,0.6171800000000001,0.60002,0.61334,0.5991200000000001,0.60068,0.36638
OrdinalEncoder,hepatitis,borderline2,ABC,NONE,NONE,0.79528,0.76776,0.6398600000000001,0.77736,0.68708,0.49168
OrdinalEncoder,hepatitis,borderline2,DTREE,NONE,NONE,0.75944,0.6967800000000001,0.6104,0.7164200000000001,0.63084,0.4274
OrdinalEncoder,hepatitis,borderline2,KNN,NONE,NONE,0.7336199999999999,0.5806399999999999,0.61692,0.61928,0.5949,0.3615
OrdinalEncoder,hepatitis,borderline2,LRG,NONE,NONE,0.8157,0.77422,0.69306,0.7859400000000001,0.7244400000000001,0.5358799999999999
OrdinalEncoder,hepatitis,borderline2,MLP,NONE,NONE,0.77004,0.76776,0.5496800000000001,0.7661600000000001,0.60118,0.40615999999999997
OrdinalEncoder,hepatitis,borderline2,RF,NONE,NONE,0.774,0.7419399999999999,0.58708,0.7498799999999999,0.62808,0.4240600000000001
OrdinalEncoder,hepatitis,borderline2,SGD,NONE,NONE,0.7163,0.5612999999999999,0.46734,0.55792,0.4106199999999999,0.1808
OrdinalEncoder,hepatitis,borderline2,SVM,NONE,NONE,0.7272000000000001,0.56128,0.61128,0.5974600000000001,0.57648,0.335
OrdinalEncoder,horse-colic-surgical,borderline2,ABC,NONE,NONE,0.8175799999999999,0.8133199999999999,0.79118,0.81382,0.8000999999999999,0.64344
OrdinalEncoder,horse-colic-surgical,borderline2,DTREE,NONE,NONE,0.8007200000000001,0.79668,0.7699199999999999,0.7971,0.78072,0.6138399999999999
OrdinalEncoder,horse-colic-surgical,borderline2,KNN,NONE,NONE,0.75544,0.75,0.7216,0.75048,0.73142,0.5376
OrdinalEncoder,horse-colic-surgical,borderline2,LRG,NONE,NONE,0.69762,0.74332,0.61354,0.7065400000000001,0.5596800000000001,0.39658000000000004
OrdinalEncoder,horse-colic-surgical,borderline2,MLP,NONE,NONE,0.453,0.53664,0.4723600000000001,0.40918,0.10704,0.03288
OrdinalEncoder,horse-colic-surgical,borderline2,RF,NONE,NONE,0.8537600000000001,0.85334,0.8179399999999999,0.85244,0.8327399999999999,0.69702
OrdinalEncoder,horse-colic-surgical,borderline2,SGD,NONE,NONE,0.2987,0.53,0.47,0.37758,0.0,0.0
OrdinalEncoder,horse-colic-surgical,borderline2,SVM,NONE,NONE,0.50798,0.5,0.52288,0.3948,0.2042,0.07046000000000001
OrdinalEncoder,kddcup-land_vs_portsweep,borderline2,ABC,NONE,NONE,0.99924,0.9990600000000001,0.99998,0.9991,0.9995200000000001,0.9989399999999999
OrdinalEncoder,kddcup-land_vs_portsweep,borderline2,DTREE,NONE,NONE,0.99924,0.9990600000000001,0.99998,0.9991,0.9995200000000001,0.9989399999999999
OrdinalEncoder,kddcup-land_vs_portsweep,borderline2,KNN,NONE,NONE,0.99874,0.9981200000000001,0.9999600000000001,0.9983,0.9990400000000002,0.9979
OrdinalEncoder,kddcup-land_vs_portsweep,borderline2,LRG,NONE,NONE,0.99924,0.9990600000000001,0.99998,0.9991,0.9995200000000001,0.9989399999999999
OrdinalEncoder,kddcup-land_vs_portsweep,borderline2,MLP,NONE,NONE,0.99874,0.9981200000000001,0.9999600000000001,0.9983,0.9990400000000002,0.9979
OrdinalEncoder,kddcup-land_vs_portsweep,borderline2,RF,NONE,NONE,1.0,1.0,1.0,1.0,1.0,1.0
OrdinalEncoder,kddcup-land_vs_portsweep,borderline2,SGD,NONE,NONE,0.99642,0.99624,0.8628,0.9961,0.9248,0.8691800000000001
OrdinalEncoder,kddcup-land_vs_portsweep,borderline2,SVM,NONE,NONE,0.99874,0.9981200000000001,0.9999600000000001,0.9983,0.9990400000000002,0.9979
OrdinalEncoder,thyroid-hypothyroid,borderline2,ABC,NONE,NONE,0.97202,0.95572,0.8909600000000001,0.96126,0.92264,0.8568399999999999
OrdinalEncoder,thyroid-hypothyroid,borderline2,DTREE,NONE,NONE,0.9743,0.96266,0.8910600000000001,0.9666,0.92588,0.8635200000000001
OrdinalEncoder,thyroid-hypothyroid,borderline2,KNN,NONE,NONE,0.96784,0.9234600000000001,0.94612,0.9384399999999999,0.93452,0.87144
OrdinalEncoder,thyroid-hypothyroid,borderline2,LRG,NONE,NONE,0.96916,0.91842,0.97756,0.9354,0.94718,0.8922800000000001
OrdinalEncoder,thyroid-hypothyroid,borderline2,MLP,NONE,NONE,0.96832,0.93516,0.90282,0.94662,0.91822,0.8465999999999999
OrdinalEncoder,thyroid-hypothyroid,borderline2,RF,NONE,NONE,0.9798600000000001,0.9718600000000001,0.9295399999999999,0.97444,0.95042,0.90714
OrdinalEncoder,thyroid-hypothyroid,borderline2,SGD,NONE,NONE,0.9718399999999999,0.92506,0.98378,0.94068,0.95352,0.90422
OrdinalEncoder,thyroid-hypothyroid,borderline2,SVM,NONE,NONE,0.9676,0.90864,0.97664,0.9285399999999999,0.94184,0.8813200000000001
OrdinalEncoder,abalone-3_vs_11,geometric_smote,ABC,NONE,NONE,0.9985,0.998,0.9999399999999999,0.99814,0.99896,0.99774
OrdinalEncoder,abalone-3_vs_11,geometric_smote,DTREE,NONE,NONE,0.997,0.996,0.9998799999999999,0.9962799999999999,0.99792,0.99548
OrdinalEncoder,abalone-3_vs_11,geometric_smote,KNN,NONE,NONE,0.9985,0.998,0.9999399999999999,0.99814,0.99896,0.99774
OrdinalEncoder,abalone-3_vs_11,geometric_smote,LRG,NONE,NONE,0.98774,0.97808,0.99934,0.98108,0.98862,0.97534
OrdinalEncoder,abalone-3_vs_11,geometric_smote,MLP,NONE,NONE,0.9955,0.9940000000000001,0.99982,0.9944200000000001,0.99688,0.99322
OrdinalEncoder,abalone-3_vs_11,geometric_smote,RF,NONE,NONE,0.9985,0.998,0.9999399999999999,0.99814,0.99896,0.99774
OrdinalEncoder,abalone-3_vs_11,geometric_smote,SGD,NONE,NONE,0.9961,0.994,0.99982,0.9946200000000001,0.99688,0.99324
OrdinalEncoder,abalone-3_vs_11,geometric_smote,SVM,NONE,NONE,0.99074,0.98604,0.9995799999999999,0.98742,0.99276,0.98426
OrdinalEncoder,credit-approval,geometric_smote,ABC,NONE,NONE,0.8362799999999999,0.8304199999999999,0.8339000000000001,0.8305199999999999,0.8307,0.6906399999999999
OrdinalEncoder,credit-approval,geometric_smote,DTREE,NONE,NONE,0.8015800000000001,0.7985399999999999,0.7968599999999999,0.7985800000000001,0.79674,0.6352599999999999
OrdinalEncoder,credit-approval,geometric_smote,KNN,NONE,NONE,0.6953600000000001,0.6927399999999999,0.6786800000000001,0.69002,0.6793399999999999,0.46398
OrdinalEncoder,credit-approval,geometric_smote,LRG,NONE,NONE,0.7607799999999999,0.76088,0.7450399999999999,0.7591399999999999,0.7493799999999999,0.56266
OrdinalEncoder,credit-approval,geometric_smote,MLP,NONE,NONE,0.74488,0.7391399999999999,0.72812,0.73634,0.7267600000000001,0.5297799999999999
OrdinalEncoder,credit-approval,geometric_smote,RF,NONE,NONE,0.8616400000000001,0.8579800000000001,0.8578800000000001,0.8579600000000001,0.8568399999999999,0.7344999999999999
OrdinalEncoder,credit-approval,geometric_smote,SGD,NONE,NONE,0.6450199999999999,0.63042,0.63722,0.62768,0.62502,0.39112
OrdinalEncoder,credit-approval,geometric_smote,SVM,NONE,NONE,0.69998,0.6637599999999999,0.59932,0.6279600000000001,0.5584,0.31576
OrdinalEncoder,dataset_31_credit-g,geometric_smote,ABC,NONE,NONE,0.7311799999999999,0.745,0.56312,0.7301599999999999,0.61212,0.38272
OrdinalEncoder,dataset_31_credit-g,geometric_smote,DTREE,NONE,NONE,0.65998,0.6559999999999999,0.5363800000000001,0.6575799999999999,0.57592,0.33697999999999995
OrdinalEncoder,dataset_31_credit-g,geometric_smote,KNN,NONE,NONE,0.6086400000000001,0.5579999999999999,0.5039,0.5649200000000001,0.50718,0.25876
OrdinalEncoder,dataset_31_credit-g,geometric_smote,LRG,NONE,NONE,0.70486,0.684,0.60932,0.68738,0.6323,0.40504
OrdinalEncoder,dataset_31_credit-g,geometric_smote,MLP,NONE,NONE,0.6694599999999999,0.5599999999999999,0.61712,0.56114,0.5533399999999999,0.30545999999999995
OrdinalEncoder,dataset_31_credit-g,geometric_smote,RF,NONE,NONE,0.71886,0.7350000000000001,0.53976,0.7163799999999999,0.58522,0.3516
OrdinalEncoder,dataset_31_credit-g,geometric_smote,SGD,NONE,NONE,0.39384,0.455,0.5340600000000001,0.3242,0.09316,0.016380000000000002
OrdinalEncoder,dataset_31_credit-g,geometric_smote,SVM,NONE,NONE,0.61554,0.5599999999999999,0.52382,0.5561,0.48132,0.24944000000000002
OrdinalEncoder,dermatology,geometric_smote,ABC,NONE,NONE,0.37274,0.41016,0.85144,0.33384,0.3632,0.27334
OrdinalEncoder,dermatology,geometric_smote,DTREE,NONE,NONE,0.9294399999999999,0.92058,0.98546,0.92258,0.9518,0.90242
OrdinalEncoder,dermatology,geometric_smote,KNN,NONE,NONE,0.8062400000000001,0.8059800000000001,0.9528,0.79798,0.86764,0.76142
OrdinalEncoder,dermatology,geometric_smote,LRG,NONE,NONE,0.9440200000000001,0.93716,0.98848,0.9373,0.96122,0.92308
OrdinalEncoder,dermatology,geometric_smote,MLP,NONE,NONE,0.94216,0.93716,0.98688,0.9360799999999999,0.96016,0.92136
OrdinalEncoder,dermatology,geometric_smote,RF,NONE,NONE,0.98136,0.9808600000000001,0.9958,0.98064,0.988,0.9757
OrdinalEncoder,dermatology,geometric_smote,SGD,NONE,NONE,0.7739199999999999,0.7649199999999999,0.94306,0.7248600000000001,0.7884599999999999,0.70648
OrdinalEncoder,dermatology,geometric_smote,SVM,NONE,NONE,0.8343599999999999,0.8140599999999999,0.9661,0.8099000000000001,0.8768600000000001,0.7805
OrdinalEncoder,dresses-sales,geometric_smote,ABC,NONE,NONE,0.59386,0.6,0.5539999999999999,0.59046,0.5546,0.31162
OrdinalEncoder,dresses-sales,geometric_smote,DTREE,NONE,NONE,0.50372,0.5,0.4816200000000001,0.5007600000000001,0.48544,0.23911999999999994
OrdinalEncoder,dresses-sales,geometric_smote,KNN,NONE,NONE,0.53928,0.5379999999999999,0.5170000000000001,0.5383600000000001,0.5222200000000001,0.27566
OrdinalEncoder,dresses-sales,geometric_smote,LRG,NONE,NONE,0.5079199999999999,0.496,0.49448,0.49742,0.4915600000000001,0.242
OrdinalEncoder,dresses-sales,geometric_smote,MLP,NONE,NONE,0.50738,0.504,0.4845,0.5045,0.4886,0.24028
OrdinalEncoder,dresses-sales,geometric_smote,RF,NONE,NONE,0.52352,0.534,0.4839,0.52218,0.4786400000000001,0.23112
OrdinalEncoder,dresses-sales,geometric_smote,SGD,NONE,NONE,0.4790599999999999,0.454,0.52446,0.39068,0.34492,0.13706000000000002
OrdinalEncoder,dresses-sales,geometric_smote,SVM,NONE,NONE,0.5190400000000001,0.51,0.502,0.5112,0.5022399999999999,0.25294000000000005
OrdinalEncoder,heart,geometric_smote,ABC,NONE,NONE,0.8104399999999999,0.8074200000000001,0.7975999999999999,0.8061,0.7991199999999999,0.6403000000000001
OrdinalEncoder,heart,geometric_smote,DTREE,NONE,NONE,0.72324,0.7074,0.7159599999999999,0.7058,0.70462,0.4986600000000001
OrdinalEncoder,heart,geometric_smote,KNN,NONE,NONE,0.58122,0.58148,0.56518,0.5776399999999999,0.5631999999999999,0.32208000000000003
OrdinalEncoder,heart,geometric_smote,LRG,NONE,NONE,0.7717400000000001,0.76666,0.76498,0.7659,0.76278,0.58786
OrdinalEncoder,heart,geometric_smote,MLP,NONE,NONE,0.7470799999999999,0.7259399999999999,0.73906,0.7231,0.7227399999999999,0.52446
OrdinalEncoder,heart,geometric_smote,RF,NONE,NONE,0.7979200000000001,0.79632,0.7920399999999999,0.79588,0.79256,0.6321399999999999
OrdinalEncoder,heart,geometric_smote,SGD,NONE,NONE,0.3918,0.5370600000000001,0.47462,0.39156,0.0969,0.0244
OrdinalEncoder,heart,geometric_smote,SVM,NONE,NONE,0.6155600000000001,0.6,0.6133400000000001,0.5996,0.6019399999999999,0.37028
OrdinalEncoder,hepatitis,geometric_smote,ABC,NONE,NONE,0.8188799999999998,0.8258200000000001,0.5950599999999999,0.8143600000000001,0.6547599999999999,0.4670200000000001
OrdinalEncoder,hepatitis,geometric_smote,DTREE,NONE,NONE,0.73316,0.7097,0.4398400000000001,0.7144999999999999,0.52346,0.28532
OrdinalEncoder,hepatitis,geometric_smote,KNN,NONE,NONE,0.66738,0.5935400000000001,0.3928,0.62146,0.4514,0.21378000000000005
OrdinalEncoder,hepatitis,geometric_smote,LRG,NONE,NONE,0.79878,0.7290599999999999,0.6571999999999999,0.7458600000000001,0.6737599999999999,0.47614
OrdinalEncoder,hepatitis,geometric_smote,MLP,NONE,NONE,0.8049000000000002,0.8129200000000001,0.5564199999999999,0.80724,0.6471,0.43372
OrdinalEncoder,hepatitis,geometric_smote,RF,NONE,NONE,0.8610399999999999,0.8645200000000001,0.62046,0.85456,0.70404,0.5192399999999999
OrdinalEncoder,hepatitis,geometric_smote,SGD,NONE,NONE,0.748,0.65808,0.4973,0.6294799999999999,0.3987600000000001,0.21352
OrdinalEncoder,hepatitis,geometric_smote,SVM,NONE,NONE,0.7400599999999999,0.5613,0.6325200000000001,0.5996199999999999,0.5844400000000001,0.34362
OrdinalEncoder,horse-colic-surgical,geometric_smote,ABC,NONE,NONE,0.80228,0.8033399999999999,0.74924,0.80074,0.7694799999999999,0.5956400000000001
OrdinalEncoder,horse-colic-surgical,geometric_smote,DTREE,NONE,NONE,0.8283799999999999,0.8266599999999998,0.79294,0.8254600000000001,0.8050200000000001,0.6552
OrdinalEncoder,horse-colic-surgical,geometric_smote,KNN,NONE,NONE,0.7454,0.74332,0.7024199999999999,0.74278,0.7171000000000001,0.5183800000000001
OrdinalEncoder,horse-colic-surgical,geometric_smote,LRG,NONE,NONE,0.8031,0.78666,0.6809200000000001,0.77464,0.706,0.50548
OrdinalEncoder,horse-colic-surgical,geometric_smote,MLP,NONE,NONE,0.4046,0.53664,0.4755000000000001,0.4045,0.07655999999999999,0.028600000000000007
OrdinalEncoder,horse-colic-surgical,geometric_smote,RF,NONE,NONE,0.8668799999999999,0.86334,0.8112,0.8612399999999999,0.83152,0.6974600000000001
OrdinalEncoder,horse-colic-surgical,geometric_smote,SGD,NONE,NONE,0.35204,0.58332,0.4166800000000001,0.4364800000000001,0.0,0.0
OrdinalEncoder,horse-colic-surgical,geometric_smote,SVM,NONE,NONE,0.6220600000000001,0.42668,0.6411800000000001,0.34781999999999996,0.35894000000000004,0.12946
OrdinalEncoder,kddcup-land_vs_portsweep,geometric_smote,ABC,NONE,NONE,0.99924,0.9990600000000001,0.99998,0.9991,0.9995200000000001,0.9989399999999999
OrdinalEncoder,kddcup-land_vs_portsweep,geometric_smote,DTREE,NONE,NONE,0.99924,0.9990600000000001,0.99998,0.9991,0.9995200000000001,0.9989399999999999
OrdinalEncoder,kddcup-land_vs_portsweep,geometric_smote,KNN,NONE,NONE,0.99874,0.9981200000000001,0.9999600000000001,0.9983,0.9990400000000002,0.9979
OrdinalEncoder,kddcup-land_vs_portsweep,geometric_smote,LRG,NONE,NONE,0.99924,0.9990600000000001,0.99998,0.9991,0.9995200000000001,0.9989399999999999
OrdinalEncoder,kddcup-land_vs_portsweep,geometric_smote,MLP,NONE,NONE,0.99874,0.9981200000000001,0.9999600000000001,0.9983,0.9990400000000002,0.9979
OrdinalEncoder,kddcup-land_vs_portsweep,geometric_smote,RF,NONE,NONE,0.99924,0.9990600000000001,0.99998,0.9991,0.9995200000000001,0.9989399999999999
OrdinalEncoder,kddcup-land_vs_portsweep,geometric_smote,SGD,NONE,NONE,0.9983,0.9981200000000001,0.95092,0.9981,0.97272,0.9525399999999999
OrdinalEncoder,kddcup-land_vs_portsweep,geometric_smote,SVM,NONE,NONE,0.99874,0.9981200000000001,0.9999600000000001,0.9983,0.9990400000000002,0.9979
OrdinalEncoder,thyroid-hypothyroid,geometric_smote,ABC,NONE,NONE,0.98866,0.9883,0.8796999999999999,0.9883,0.9315,0.8776800000000001
OrdinalEncoder,thyroid-hypothyroid,geometric_smote,DTREE,NONE,NONE,0.98842,0.98736,0.91744,0.98772,0.9515,0.91176
OrdinalEncoder,thyroid-hypothyroid,geometric_smote,KNN,NONE,NONE,0.98114,0.97724,0.8986000000000001,0.97856,0.9365,0.8843400000000001
OrdinalEncoder,thyroid-hypothyroid,geometric_smote,LRG,NONE,NONE,0.97664,0.96142,0.95394,0.9662,0.9576399999999999,0.9178200000000001
OrdinalEncoder,thyroid-hypothyroid,geometric_smote,MLP,NONE,NONE,0.98164,0.98042,0.82316,0.9806,0.89604,0.8171799999999999
OrdinalEncoder,thyroid-hypothyroid,geometric_smote,RF,NONE,NONE,0.992,0.9918,0.924,0.99184,0.95706,0.9223
OrdinalEncoder,thyroid-hypothyroid,geometric_smote,SGD,NONE,NONE,0.97264,0.93204,0.9780200000000001,0.94554,0.95428,0.9068799999999999
OrdinalEncoder,thyroid-hypothyroid,geometric_smote,SVM,NONE,NONE,0.97534,0.95512,0.9662799999999999,0.9614799999999999,0.96062,0.9219
OrdinalEncoder,abalone-3_vs_11,smote,ABC,NONE,NONE,0.9985,0.998,0.9999399999999999,0.99814,0.99896,0.99774
OrdinalEncoder,abalone-3_vs_11,smote,DTREE,NONE,NONE,1.0,1.0,1.0,1.0,1.0,1.0
OrdinalEncoder,abalone-3_vs_11,smote,KNN,NONE,NONE,0.9985,0.998,0.9999399999999999,0.99814,0.99896,0.99774
OrdinalEncoder,abalone-3_vs_11,smote,LRG,NONE,NONE,0.98774,0.97808,0.99934,0.98108,0.98862,0.97534
OrdinalEncoder,abalone-3_vs_11,smote,MLP,NONE,NONE,0.9955,0.9940000000000001,0.99982,0.9944200000000001,0.99688,0.99322
OrdinalEncoder,abalone-3_vs_11,smote,RF,NONE,NONE,1.0,1.0,1.0,1.0,1.0,1.0
OrdinalEncoder,abalone-3_vs_11,smote,SGD,NONE,NONE,0.99414,0.9920200000000001,0.93516,0.99244,0.9602,0.93078
OrdinalEncoder,abalone-3_vs_11,smote,SVM,NONE,NONE,0.99164,0.98804,0.99964,0.98908,0.9938,0.9865
OrdinalEncoder,credit-approval,smote,ABC,NONE,NONE,0.8448399999999999,0.83768,0.84426,0.8379,0.8394,0.7048800000000001
OrdinalEncoder,credit-approval,smote,DTREE,NONE,NONE,0.81296,0.8101600000000001,0.80734,0.80998,0.8075000000000001,0.6534
OrdinalEncoder,credit-approval,smote,KNN,NONE,NONE,0.68682,0.68696,0.6724600000000001,0.685,0.6751400000000001,0.4572200000000001
OrdinalEncoder,credit-approval,smote,LRG,NONE,NONE,0.7988000000000001,0.7971199999999999,0.78074,0.7951600000000001,0.78476,0.6187600000000001
OrdinalEncoder,credit-approval,smote,MLP,NONE,NONE,0.73978,0.73916,0.7323000000000001,0.7388399999999999,0.73444,0.5418200000000001
OrdinalEncoder,credit-approval,smote,RF,NONE,NONE,0.86736,0.8637599999999999,0.8624200000000001,0.8636400000000002,0.8618599999999998,0.7435
OrdinalEncoder,credit-approval,smote,SGD,NONE,NONE,0.6135399999999999,0.5913,0.5889,0.56372,0.52318,0.29784000000000005
OrdinalEncoder,credit-approval,smote,SVM,NONE,NONE,0.6981399999999999,0.66232,0.5981799999999999,0.6269,0.5579799999999999,0.31464000000000003
OrdinalEncoder,dataset_31_credit-g,smote,ABC,NONE,NONE,0.7034800000000001,0.688,0.6129399999999999,0.6933600000000001,0.6421399999999999,0.41723999999999994
OrdinalEncoder,dataset_31_credit-g,smote,DTREE,NONE,NONE,0.6399600000000001,0.624,0.52076,0.6289,0.5534,0.31038000000000004
OrdinalEncoder,dataset_31_credit-g,smote,KNN,NONE,NONE,0.617,0.5389999999999999,0.53956,0.55528,0.5313,0.2838
OrdinalEncoder,dataset_31_credit-g,smote,LRG,NONE,NONE,0.7116600000000001,0.6799999999999999,0.6437999999999999,0.6896599999999999,0.6597199999999999,0.4382400000000001
OrdinalEncoder,dataset_31_credit-g,smote,MLP,NONE,NONE,0.6899200000000001,0.675,0.5655,0.6698999999999999,0.5877399999999999,0.35038
OrdinalEncoder,dataset_31_credit-g,smote,RF,NONE,NONE,0.69936,0.6970000000000001,0.5787399999999999,0.6953400000000001,0.6170000000000001,0.38586
OrdinalEncoder,dataset_31_credit-g,smote,SGD,NONE,NONE,0.38564,0.5349999999999999,0.48453999999999997,0.41874,0.12925999999999999,0.04552
OrdinalEncoder,dataset_31_credit-g,smote,SVM,NONE,NONE,0.6108199999999999,0.544,0.5246000000000001,0.5398799999999999,0.4722,0.23896
OrdinalEncoder,dermatology,smote,ABC,NONE,NONE,0.43116000000000004,0.5846,0.8350200000000001,0.47598,0.4992,0.4367599999999999
OrdinalEncoder,dermatology,smote,DTREE,NONE,NONE,0.94652,0.9399,0.98706,0.93996,0.9622,0.92384
OrdinalEncoder,dermatology,smote,KNN,NONE,NONE,0.78874,0.77866,0.95946,0.7808400000000001,0.85806,0.7439199999999999
OrdinalEncoder,dermatology,smote,LRG,NONE,NONE,0.9408200000000001,0.93724,0.9886,0.93684,0.9615,0.92318
OrdinalEncoder,dermatology,smote,MLP,NONE,NONE,0.9440799999999999,0.9399799999999999,0.98936,0.9397399999999999,0.96342,0.92642
OrdinalEncoder,dermatology,smote,RF,NONE,NONE,0.97346,0.97264,0.99466,0.97256,0.9832799999999999,0.96584
OrdinalEncoder,dermatology,smote,SGD,NONE,NONE,0.8743200000000001,0.82494,0.96038,0.80938,0.8587400000000001,0.7821400000000001
OrdinalEncoder,dermatology,smote,SVM,NONE,NONE,0.8038000000000001,0.7759199999999999,0.95802,0.7764200000000001,0.8531600000000001,0.73742
OrdinalEncoder,dresses-sales,smote,ABC,NONE,NONE,0.58894,0.584,0.5726399999999999,0.58526,0.57616,0.33318000000000003
OrdinalEncoder,dresses-sales,smote,DTREE,NONE,NONE,0.4911,0.494,0.46282,0.49016000000000004,0.46308,0.21616
OrdinalEncoder,dresses-sales,smote,KNN,NONE,NONE,0.54342,0.532,0.5310400000000001,0.53462,0.53088,0.2824
OrdinalEncoder,dresses-sales,smote,LRG,NONE,NONE,0.5355800000000001,0.524,0.5226200000000001,0.5263599999999999,0.5219600000000001,0.27344
OrdinalEncoder,dresses-sales,smote,MLP,NONE,NONE,0.53572,0.532,0.5152800000000001,0.53288,0.51952,0.27138
OrdinalEncoder,dresses-sales,smote,RF,NONE,NONE,0.5192399999999999,0.5279999999999999,0.4835,0.51966,0.48236,0.23584
OrdinalEncoder,dresses-sales,smote,SGD,NONE,NONE,0.5507000000000001,0.522,0.5290600000000001,0.49898,0.47394,0.22964
OrdinalEncoder,dresses-sales,smote,SVM,NONE,NONE,0.5445800000000001,0.5360000000000001,0.5274000000000001,0.5367599999999999,0.52766,0.27942
OrdinalEncoder,heart,smote,ABC,NONE,NONE,0.8003200000000001,0.79628,0.7903600000000001,0.79524,0.7901199999999999,0.62612
OrdinalEncoder,heart,smote,DTREE,NONE,NONE,0.74336,0.73706,0.73128,0.7335200000000001,0.72514,0.53478
OrdinalEncoder,heart,smote,KNN,NONE,NONE,0.56028,0.55556,0.5510999999999999,0.5542600000000001,0.5477399999999999,0.30286
OrdinalEncoder,heart,smote,LRG,NONE,NONE,0.7822600000000001,0.77778,0.7755600000000001,0.7772399999999999,0.7743,0.6017399999999999
OrdinalEncoder,heart,smote,MLP,NONE,NONE,0.7686,0.75554,0.76278,0.75492,0.7545799999999998,0.5695399999999999
OrdinalEncoder,heart,smote,RF,NONE,NONE,0.7928599999999999,0.7926,0.7857399999999999,0.7920999999999999,0.78782,0.6231800000000001
OrdinalEncoder,heart,smote,SGD,NONE,NONE,0.4428,0.5333399999999999,0.53332,0.40956,0.17814000000000002,0.09314
OrdinalEncoder,heart,smote,SVM,NONE,NONE,0.6228600000000001,0.6073999999999999,0.62092,0.60748,0.61024,0.38136
OrdinalEncoder,hepatitis,smote,ABC,NONE,NONE,0.8449399999999999,0.8451799999999999,0.66552,0.8407399999999999,0.7259800000000001,0.55442
OrdinalEncoder,hepatitis,smote,DTREE,NONE,NONE,0.7761600000000001,0.7419399999999999,0.56782,0.7520600000000001,0.63436,0.41432
OrdinalEncoder,hepatitis,smote,KNN,NONE,NONE,0.7326600000000001,0.5935600000000001,0.5997799999999999,0.6300199999999999,0.58796,0.35214
OrdinalEncoder,hepatitis,smote,LRG,NONE,NONE,0.8197200000000001,0.80002,0.6742400000000001,0.8065599999999999,0.72572,0.5372999999999999
OrdinalEncoder,hepatitis,smote,MLP,NONE,NONE,0.8112199999999999,0.7742,0.6481399999999999,0.78064,0.6864600000000001,0.4802799999999999
OrdinalEncoder,hepatitis,smote,RF,NONE,NONE,0.7980600000000001,0.79998,0.5871999999999999,0.79528,0.6496999999999999,0.45378
OrdinalEncoder,hepatitis,smote,SGD,NONE,NONE,0.8065399999999999,0.5354800000000001,0.69886,0.5343600000000001,0.5179600000000001,0.28508
OrdinalEncoder,hepatitis,smote,SVM,NONE,NONE,0.7177399999999999,0.5483800000000001,0.5886199999999999,0.5873999999999999,0.55602,0.31328
OrdinalEncoder,horse-colic-surgical,smote,ABC,NONE,NONE,0.8201599999999999,0.8166599999999999,0.7883000000000001,0.8165399999999999,0.7992800000000001,0.6437799999999999
OrdinalEncoder,horse-colic-surgical,smote,DTREE,NONE,NONE,0.8381000000000001,0.8366600000000001,0.8077,0.83604,0.81914,0.6742600000000001
OrdinalEncoder,horse-colic-surgical,smote,KNN,NONE,NONE,0.7825,0.77668,0.74442,0.7758200000000001,0.7544000000000001,0.57226
OrdinalEncoder,horse-colic-surgical,smote,LRG,NONE,NONE,0.69516,0.72668,0.60728,0.68776,0.54046,0.36912
OrdinalEncoder,horse-colic-surgical,smote,MLP,NONE,NONE,0.48948,0.59332,0.43144,0.46268000000000004,0.1073,0.034199999999999994
OrdinalEncoder,horse-colic-surgical,smote,RF,NONE,NONE,0.8719999999999999,0.8699999999999999,0.8233,0.8682399999999999,0.84206,0.7137600000000001
OrdinalEncoder,horse-colic-surgical,smote,SGD,NONE,NONE,0.2987,0.53,0.47,0.37758,0.0,0.0
OrdinalEncoder,horse-colic-surgical,smote,SVM,NONE,NONE,0.6220600000000001,0.42668,0.6411800000000001,0.34781999999999996,0.35894000000000004,0.12946
OrdinalEncoder,kddcup-land_vs_portsweep,smote,ABC,NONE,NONE,0.99924,0.9990600000000001,0.99998,0.9991,0.9995200000000001,0.9989399999999999
OrdinalEncoder,kddcup-land_vs_portsweep,smote,DTREE,NONE,NONE,1.0,1.0,1.0,1.0,1.0,1.0
OrdinalEncoder,kddcup-land_vs_portsweep,smote,KNN,NONE,NONE,0.99874,0.9981200000000001,0.9999600000000001,0.9983,0.9990400000000002,0.9979
OrdinalEncoder,kddcup-land_vs_portsweep,smote,LRG,NONE,NONE,0.99924,0.9990600000000001,0.99998,0.9991,0.9995200000000001,0.9989399999999999
OrdinalEncoder,kddcup-land_vs_portsweep,smote,MLP,NONE,NONE,0.9983,0.9981200000000001,0.95092,0.9981,0.97272,0.9525399999999999
OrdinalEncoder,kddcup-land_vs_portsweep,smote,RF,NONE,NONE,1.0,1.0,1.0,1.0,1.0,1.0
OrdinalEncoder,kddcup-land_vs_portsweep,smote,SGD,NONE,NONE,0.9983,0.9981200000000001,0.95092,0.9981,0.97272,0.9525399999999999
OrdinalEncoder,kddcup-land_vs_portsweep,smote,SVM,NONE,NONE,0.99874,0.9981200000000001,0.9999600000000001,0.9983,0.9990400000000002,0.9979
OrdinalEncoder,thyroid-hypothyroid,smote,ABC,NONE,NONE,0.98206,0.97722,0.9237,0.9787399999999999,0.94968,0.907
OrdinalEncoder,thyroid-hypothyroid,smote,DTREE,NONE,NONE,0.98372,0.98262,0.8669800000000001,0.98298,0.9224,0.8607799999999999
OrdinalEncoder,thyroid-hypothyroid,smote,KNN,NONE,NONE,0.9788399999999999,0.9718600000000001,0.91076,0.9741200000000001,0.94026,0.8898399999999999
OrdinalEncoder,thyroid-hypothyroid,smote,LRG,NONE,NONE,0.97752,0.9668,0.9293,0.97024,0.9477399999999999,0.90166
OrdinalEncoder,thyroid-hypothyroid,smote,MLP,NONE,NONE,0.97998,0.97342,0.9104,0.97552,0.9408,0.8909600000000001
OrdinalEncoder,thyroid-hypothyroid,smote,RF,NONE,NONE,0.98708,0.9857799999999999,0.9178200000000001,0.98624,0.95084,0.91048
OrdinalEncoder,thyroid-hypothyroid,smote,SGD,NONE,NONE,0.9751200000000001,0.9507,0.9536,0.9587,0.9518,0.9057200000000002
OrdinalEncoder,thyroid-hypothyroid,smote,SVM,NONE,NONE,0.9761200000000001,0.95984,0.95408,0.96498,0.95684,0.91632
OrdinalEncoder,abalone-3_vs_11,smoteSVM,ABC,NONE,NONE,1.0,1.0,1.0,1.0,1.0,1.0
OrdinalEncoder,abalone-3_vs_11,smoteSVM,DTREE,NONE,NONE,1.0,1.0,1.0,1.0,1.0,1.0
OrdinalEncoder,abalone-3_vs_11,smoteSVM,KNN,NONE,NONE,0.9985,0.998,0.9999399999999999,0.99814,0.99896,0.99774
OrdinalEncoder,abalone-3_vs_11,smoteSVM,LRG,NONE,NONE,0.9873200000000001,0.97608,0.99928,0.97964,0.98758,0.97308
OrdinalEncoder,abalone-3_vs_11,smoteSVM,MLP,NONE,NONE,0.9955,0.9940000000000001,0.99982,0.9944200000000001,0.99688,0.99322
OrdinalEncoder,abalone-3_vs_11,smoteSVM,RF,NONE,NONE,1.0,1.0,1.0,1.0,1.0,1.0
OrdinalEncoder,abalone-3_vs_11,smoteSVM,SGD,NONE,NONE,0.9976,0.996,0.9998799999999999,0.99648,0.99792,0.9955
OrdinalEncoder,abalone-3_vs_11,smoteSVM,SVM,NONE,NONE,0.99074,0.98604,0.9995799999999999,0.98742,0.99276,0.98426
OrdinalEncoder,credit-approval,smoteSVM,ABC,NONE,NONE,0.8313799999999999,0.8261,0.82914,0.8262,0.8263199999999999,0.6833
OrdinalEncoder,credit-approval,smoteSVM,DTREE,NONE,NONE,0.8079999999999999,0.8043399999999999,0.8026199999999999,0.8041799999999999,0.8019999999999999,0.64448
OrdinalEncoder,credit-approval,smoteSVM,KNN,NONE,NONE,0.6942,0.6927399999999999,0.6804,0.69086,0.68196,0.4668
OrdinalEncoder,credit-approval,smoteSVM,LRG,NONE,NONE,0.81304,0.8087,0.80772,0.8085399999999999,0.8066000000000001,0.65236
OrdinalEncoder,credit-approval,smoteSVM,MLP,NONE,NONE,0.7410800000000001,0.7348,0.7188399999999999,0.7273200000000001,0.71078,0.5147800000000001
OrdinalEncoder,credit-approval,smoteSVM,RF,NONE,NONE,0.8611000000000001,0.8565200000000001,0.8549599999999999,0.8562800000000002,0.8541000000000001,0.72978
OrdinalEncoder,credit-approval,smoteSVM,SGD,NONE,NONE,0.6557999999999999,0.6202799999999999,0.6161399999999999,0.59444,0.5574399999999999,0.33435999999999994
OrdinalEncoder,credit-approval,smoteSVM,SVM,NONE,NONE,0.7087199999999999,0.66666,0.60038,0.6287200000000001,0.55602,0.31326
OrdinalEncoder,dataset_31_credit-g,smoteSVM,ABC,NONE,NONE,0.7161199999999999,0.7129999999999999,0.6103400000000001,0.7138800000000001,0.6482600000000001,0.42648
OrdinalEncoder,dataset_31_credit-g,smoteSVM,DTREE,NONE,NONE,0.6737,0.6509999999999999,0.57806,0.6587,0.60602,0.37082
OrdinalEncoder,dataset_31_credit-g,smoteSVM,KNN,NONE,NONE,0.61536,0.552,0.5127400000000001,0.55674,0.5029600000000001,0.25427999999999995
OrdinalEncoder,dataset_31_credit-g,smoteSVM,LRG,NONE,NONE,0.7127600000000001,0.6890000000000001,0.63052,0.69366,0.64764,0.42591999999999997
OrdinalEncoder,dataset_31_credit-g,smoteSVM,MLP,NONE,NONE,0.68874,0.639,0.5843200000000001,0.63446,0.57058,0.32882
OrdinalEncoder,dataset_31_credit-g,smoteSVM,RF,NONE,NONE,0.7111600000000001,0.716,0.5868800000000001,0.7123999999999999,0.62968,0.40298
OrdinalEncoder,dataset_31_credit-g,smoteSVM,SGD,NONE,NONE,0.55684,0.6699999999999999,0.30808,0.5715999999999999,0.11724000000000001,0.02902
OrdinalEncoder,dataset_31_credit-g,smoteSVM,SVM,NONE,NONE,0.60344,0.551,0.5027999999999999,0.54764,0.46748,0.23399999999999999
OrdinalEncoder,dermatology,smoteSVM,ABC,NONE,NONE,0.41816000000000003,0.5443800000000001,0.8564,0.4491600000000001,0.45914,0.40684000000000003
OrdinalEncoder,dermatology,smoteSVM,DTREE,NONE,NONE,0.9348,0.92888,0.987,0.9274600000000002,0.9553799999999999,0.9133
OrdinalEncoder,dermatology,smoteSVM,KNN,NONE,NONE,0.8057399999999999,0.8005000000000001,0.96076,0.7969,0.8695200000000001,0.76244
OrdinalEncoder,dermatology,smoteSVM,LRG,NONE,NONE,0.93514,0.9290199999999998,0.98706,0.92878,0.9563200000000001,0.9128
OrdinalEncoder,dermatology,smoteSVM,MLP,NONE,NONE,0.9422200000000001,0.93724,0.9872,0.9364399999999999,0.9604799999999999,0.92184
OrdinalEncoder,dermatology,smoteSVM,RF,NONE,NONE,0.97718,0.97538,0.99534,0.9753,0.98492,0.96936
OrdinalEncoder,dermatology,smoteSVM,SGD,NONE,NONE,0.8343,0.7346600000000001,0.9436200000000001,0.7046600000000001,0.78484,0.6763999999999999
OrdinalEncoder,dermatology,smoteSVM,SVM,NONE,NONE,0.80924,0.77328,0.95816,0.7704000000000001,0.8469,0.73324
OrdinalEncoder,dresses-sales,smoteSVM,ABC,NONE,NONE,0.6082,0.6079999999999999,0.5821400000000001,0.6046,0.5846799999999999,0.3446
OrdinalEncoder,dresses-sales,smoteSVM,DTREE,NONE,NONE,0.47676,0.46799999999999997,0.45843999999999996,0.46968,0.45916,0.21158000000000002
OrdinalEncoder,dresses-sales,smoteSVM,KNN,NONE,NONE,0.5515800000000001,0.5439999999999999,0.53582,0.54606,0.53838,0.29128000000000004
OrdinalEncoder,dresses-sales,smoteSVM,LRG,NONE,NONE,0.5232,0.516,0.50502,0.51722,0.5065999999999999,0.25796
OrdinalEncoder,dresses-sales,smoteSVM,MLP,NONE,NONE,0.50552,0.508,0.47822,0.5041800000000001,0.47778,0.23058
OrdinalEncoder,dresses-sales,smoteSVM,RF,NONE,NONE,0.5242000000000001,0.53,0.49412,0.5223000000000001,0.4897,0.2424
OrdinalEncoder,dresses-sales,smoteSVM,SGD,NONE,NONE,0.45808,0.514,0.51802,0.47214,0.39364,0.20024000000000008
OrdinalEncoder,dresses-sales,smoteSVM,SVM,NONE,NONE,0.5252,0.522,0.5027999999999999,0.5222600000000001,0.5069799999999999,0.25822
OrdinalEncoder,heart,smoteSVM,ABC,NONE,NONE,0.7834000000000001,0.7814800000000001,0.77684,0.78114,0.77762,0.6088399999999999
OrdinalEncoder,heart,smoteSVM,DTREE,NONE,NONE,0.73464,0.7296400000000001,0.72538,0.7283999999999999,0.72338,0.5265199999999999
OrdinalEncoder,heart,smoteSVM,KNN,NONE,NONE,0.57044,0.57038,0.5563,0.56718,0.5544600000000001,0.31035999999999997
OrdinalEncoder,heart,smoteSVM,LRG,NONE,NONE,0.7882200000000001,0.7851600000000001,0.7831600000000001,0.7848600000000001,0.78246,0.6142200000000001
OrdinalEncoder,heart,smoteSVM,MLP,NONE,NONE,0.7857000000000001,0.7740600000000001,0.7542599999999999,0.7684000000000001,0.75152,0.5693199999999999
OrdinalEncoder,heart,smoteSVM,RF,NONE,NONE,0.79356,0.7925800000000001,0.78906,0.79252,0.7901,0.6257199999999999
OrdinalEncoder,heart,smoteSVM,SGD,NONE,NONE,0.42398,0.5037,0.52798,0.35838000000000003,0.12116,0.0376
OrdinalEncoder,heart,smoteSVM,SVM,NONE,NONE,0.5979,0.58516,0.59482,0.5840000000000001,0.5841799999999999,0.34856
OrdinalEncoder,hepatitis,smoteSVM,ABC,NONE,NONE,0.8347600000000001,0.8193600000000001,0.6998,0.8237400000000001,0.74278,0.57494
OrdinalEncoder,hepatitis,smoteSVM,DTREE,NONE,NONE,0.8075800000000001,0.8,0.57324,0.79794,0.6519600000000001,0.43892
OrdinalEncoder,hepatitis,smoteSVM,KNN,NONE,NONE,0.70336,0.65162,0.45368,0.6710399999999999,0.5142399999999999,0.2807799999999999
OrdinalEncoder,hepatitis,smoteSVM,LRG,NONE,NONE,0.8379,0.8322800000000001,0.6775399999999999,0.8332600000000001,0.7359,0.56162
OrdinalEncoder,hepatitis,smoteSVM,MLP,NONE,NONE,0.8472,0.8451600000000001,0.65666,0.8436,0.7265199999999999,0.5510200000000001
OrdinalEncoder,hepatitis,smoteSVM,RF,NONE,NONE,0.80528,0.8064399999999999,0.60932,0.8046199999999999,0.66992,0.48574
OrdinalEncoder,hepatitis,smoteSVM,SGD,NONE,NONE,0.7999799999999999,0.5871,0.60632,0.5764400000000001,0.48654,0.24206000000000005
OrdinalEncoder,hepatitis,smoteSVM,SVM,NONE,NONE,0.6693999999999999,0.6967800000000001,0.29704,0.67982,0.31594,0.13379999999999995
OrdinalEncoder,horse-colic-surgical,smoteSVM,ABC,NONE,NONE,0.8250400000000001,0.8266600000000001,0.78246,0.82506,0.8002800000000001,0.6441600000000001
OrdinalEncoder,horse-colic-surgical,smoteSVM,DTREE,NONE,NONE,0.79678,0.7933399999999999,0.75508,0.79262,0.76954,0.59588
OrdinalEncoder,horse-colic-surgical,smoteSVM,KNN,NONE,NONE,0.7669400000000001,0.76668,0.72346,0.7651399999999999,0.73842,0.55038
OrdinalEncoder,horse-colic-surgical,smoteSVM,LRG,NONE,NONE,0.68708,0.7266600000000001,0.59196,0.68886,0.53666,0.36752
OrdinalEncoder,horse-colic-surgical,smoteSVM,MLP,NONE,NONE,0.55972,0.55332,0.5279200000000001,0.43378,0.19494,0.09712
OrdinalEncoder,horse-colic-surgical,smoteSVM,RF,NONE,NONE,0.8466400000000001,0.8466400000000001,0.80582,0.8454,0.8225999999999999,0.6807399999999999
OrdinalEncoder,horse-colic-surgical,smoteSVM,SGD,NONE,NONE,0.35204,0.58332,0.4166800000000001,0.4364800000000001,0.0,0.0
OrdinalEncoder,horse-colic-surgical,smoteSVM,SVM,NONE,NONE,0.6220600000000001,0.42668,0.6411800000000001,0.34781999999999996,0.35894000000000004,0.12946
OrdinalEncoder,kddcup-land_vs_portsweep,smoteSVM,ABC,NONE,NONE,0.99924,0.9990600000000001,0.99998,0.9991,0.9995200000000001,0.9989399999999999
OrdinalEncoder,kddcup-land_vs_portsweep,smoteSVM,DTREE,NONE,NONE,0.99924,0.9990600000000001,0.99998,0.9991,0.9995200000000001,0.9989399999999999
OrdinalEncoder,kddcup-land_vs_portsweep,smoteSVM,KNN,NONE,NONE,0.99874,0.9981200000000001,0.9999600000000001,0.9983,0.9990400000000002,0.9979
OrdinalEncoder,kddcup-land_vs_portsweep,smoteSVM,LRG,NONE,NONE,0.99924,0.9990600000000001,0.99998,0.9991,0.9995200000000001,0.9989399999999999
OrdinalEncoder,kddcup-land_vs_portsweep,smoteSVM,MLP,NONE,NONE,0.9978,0.99718,0.9509,0.9973,0.97224,0.9515
OrdinalEncoder,kddcup-land_vs_portsweep,smoteSVM,RF,NONE,NONE,0.9990600000000001,0.9990600000000001,0.95094,0.999,0.9732,0.9536
OrdinalEncoder,kddcup-land_vs_portsweep,smoteSVM,SGD,NONE,NONE,0.99688,0.99624,0.90184,0.9961,0.9404600000000001,0.9027200000000001
OrdinalEncoder,kddcup-land_vs_portsweep,smoteSVM,SVM,NONE,NONE,0.99798,0.99718,0.9999399999999999,0.9974,0.99856,0.99684
OrdinalEncoder,thyroid-hypothyroid,smoteSVM,ABC,NONE,NONE,0.9829399999999999,0.97912,0.9106799999999999,0.98036,0.9440200000000001,0.8973399999999999
OrdinalEncoder,thyroid-hypothyroid,smoteSVM,DTREE,NONE,NONE,0.98586,0.98514,0.8729800000000001,0.98532,0.92638,0.86846
OrdinalEncoder,thyroid-hypothyroid,smoteSVM,KNN,NONE,NONE,0.97822,0.97218,0.8918000000000001,0.9742,0.93064,0.8732200000000001
OrdinalEncoder,thyroid-hypothyroid,smoteSVM,LRG,NONE,NONE,0.97646,0.96174,0.9417200000000001,0.96644,0.95136,0.9070600000000001
OrdinalEncoder,thyroid-hypothyroid,smoteSVM,MLP,NONE,NONE,0.98398,0.9797799999999999,0.9424,0.98106,0.9607,0.92648
OrdinalEncoder,thyroid-hypothyroid,smoteSVM,RF,NONE,NONE,0.98898,0.988,0.9238,0.9883200000000001,0.95504,0.91816
OrdinalEncoder,thyroid-hypothyroid,smoteSVM,SGD,NONE,NONE,0.97754,0.95984,0.9540799999999999,0.96538,0.9564,0.91532
OrdinalEncoder,thyroid-hypothyroid,smoteSVM,SVM,NONE,NONE,0.97336,0.95004,0.95336,0.9575799999999999,0.95162,0.90556
OrdinalEncoder,abalone-3_vs_11,dtosmote,ABC,solid_angle,1.0,0.98806,0.9741200000000001,0.9992200000000001,0.97872,0.98652,0.9709200000000001
OrdinalEncoder,abalone-3_vs_11,dtosmote,DTREE,solid_angle,1.0,0.9836600000000001,0.96018,0.99878,0.96814,0.97922,0.9553
OrdinalEncoder,abalone-3_vs_11,dtosmote,KNN,solid_angle,1.0,0.9849,0.96816,0.9990399999999999,0.97362,0.98344,0.9642200000000001
OrdinalEncoder,abalone-3_vs_11,dtosmote,LRG,solid_angle,1.0,0.97936,0.9322799999999999,0.9979,0.94906,0.96446,0.9241
OrdinalEncoder,abalone-3_vs_11,dtosmote,MLP,solid_angle,1.0,0.98714,0.9761200000000001,0.99928,0.97958,0.9876,0.97314
OrdinalEncoder,abalone-3_vs_11,dtosmote,RF,solid_angle,1.0,0.98792,0.97808,0.99934,0.9811799999999999,0.9886,0.97532
OrdinalEncoder,abalone-3_vs_11,dtosmote,SGD,solid_angle,1.0,0.98336,0.9444,0.99832,0.95852,0.97064,0.9377799999999998
OrdinalEncoder,abalone-3_vs_11,dtosmote,SVM,solid_angle,1.0,0.98188,0.9522,0.99854,0.9623799999999999,0.97504,0.9463600000000001
OrdinalEncoder,credit-approval,dtosmote,ABC,solid_angle,1.0,0.8413999999999999,0.8362200000000002,0.8410399999999999,0.8365199999999999,0.83768,0.70222
OrdinalEncoder,credit-approval,dtosmote,DTREE,solid_angle,1.0,0.8048,0.8029,0.8016400000000001,0.8030200000000001,0.8016800000000002,0.64604
OrdinalEncoder,credit-approval,dtosmote,KNN,solid_angle,1.0,0.7195199999999999,0.71738,0.70344,0.7148800000000001,0.70468,0.49882
OrdinalEncoder,credit-approval,dtosmote,LRG,solid_angle,1.0,0.8,0.79708,0.7820400000000001,0.79514,0.78518,0.6186
OrdinalEncoder,credit-approval,dtosmote,MLP,solid_angle,1.0,0.7652399999999999,0.7623,0.75948,0.7621,0.7594000000000001,0.57794
OrdinalEncoder,credit-approval,dtosmote,RF,solid_angle,1.0,0.8610599999999999,0.8594200000000001,0.8562200000000001,0.8593399999999999,0.85714,0.7361
OrdinalEncoder,credit-approval,dtosmote,SGD,solid_angle,1.0,0.6272200000000001,0.6087,0.6265600000000001,0.60728,0.6107199999999999,0.3734
OrdinalEncoder,credit-approval,dtosmote,SVM,solid_angle,1.0,0.7036200000000001,0.6623399999999999,0.5975,0.6257199999999999,0.55528,0.31146
OrdinalEncoder,dataset_31_credit-g,dtosmote,ABC,solid_angle,1.0,0.6896800000000001,0.6809999999999999,0.58518,0.6824199999999998,0.61416,0.38642
OrdinalEncoder,dataset_31_credit-g,dtosmote,DTREE,solid_angle,1.0,0.63686,0.604,0.53696,0.61598,0.56394,0.3214
OrdinalEncoder,dataset_31_credit-g,dtosmote,KNN,solid_angle,1.0,0.6227199999999999,0.524,0.57126,0.53864,0.53728,0.2883
OrdinalEncoder,dataset_31_credit-g,dtosmote,LRG,solid_angle,1.0,0.6531600000000001,0.631,0.5466000000000001,0.6388199999999999,0.57792,0.3375
OrdinalEncoder,dataset_31_credit-g,dtosmote,MLP,solid_angle,1.0,0.62158,0.569,0.53146,0.5818399999999999,0.5402399999999999,0.29384
OrdinalEncoder,dataset_31_credit-g,dtosmote,RF,solid_angle,1.0,0.67648,0.696,0.5116200000000001,0.68012,0.55008,0.31322
OrdinalEncoder,dataset_31_credit-g,dtosmote,SGD,solid_angle,1.0,0.41618,0.602,0.3799,0.4844000000000001,0.0474,0.01158
OrdinalEncoder,dataset_31_credit-g,dtosmote,SVM,solid_angle,1.0,0.57534,0.471,0.5294800000000001,0.45244,0.40398,0.17446
OrdinalEncoder,dermatology,dtosmote,ABC,solid_angle,1.0,0.57184,0.6007600000000001,0.91946,0.5367200000000001,0.5978600000000001,0.5284800000000001
OrdinalEncoder,dermatology,dtosmote,DTREE,solid_angle,1.0,0.8749,0.8606400000000001,0.97516,0.8621000000000001,0.9134,0.833
OrdinalEncoder,dermatology,dtosmote,KNN,solid_angle,1.0,0.7605,0.7378600000000001,0.9530200000000001,0.7394999999999999,0.8295600000000001,0.69662
OrdinalEncoder,dermatology,dtosmote,LRG,solid_angle,1.0,0.92896,0.9206800000000002,0.9864200000000001,0.92142,0.95174,0.90348
OrdinalEncoder,dermatology,dtosmote,MLP,solid_angle,1.0,0.90636,0.89344,0.9822200000000001,0.8947600000000001,0.93524,0.8712799999999999
OrdinalEncoder,dermatology,dtosmote,RF,solid_angle,1.0,0.97012,0.9673,0.99394,0.9662,0.97948,0.95968
OrdinalEncoder,dermatology,dtosmote,SGD,solid_angle,1.0,0.7725799999999999,0.6090399999999999,0.93458,0.57528,0.6536799999999999,0.54118
OrdinalEncoder,dermatology,dtosmote,SVM,solid_angle,1.0,0.72338,0.6828999999999998,0.94238,0.66928,0.76684,0.6378999999999999
OrdinalEncoder,dresses-sales,dtosmote,ABC,solid_angle,1.0,0.57836,0.58,0.5527,0.5775,0.55692,0.31272
OrdinalEncoder,dresses-sales,dtosmote,DTREE,solid_angle,1.0,0.5170600000000001,0.512,0.4969,0.51342,0.5007400000000001,0.25276
OrdinalEncoder,dresses-sales,dtosmote,KNN,solid_angle,1.0,0.5352600000000001,0.516,0.52604,0.51586,0.51386,0.26421999999999995
OrdinalEncoder,dresses-sales,dtosmote,LRG,solid_angle,1.0,0.53398,0.52,0.52368,0.5219400000000001,0.51966,0.27142
OrdinalEncoder,dresses-sales,dtosmote,MLP,solid_angle,1.0,0.55296,0.5439999999999999,0.5371199999999999,0.5454800000000001,0.5371,0.29256000000000004
OrdinalEncoder,dresses-sales,dtosmote,RF,solid_angle,1.0,0.53592,0.542,0.5041399999999999,0.5365,0.5062,0.25842
OrdinalEncoder,dresses-sales,dtosmote,SGD,solid_angle,1.0,0.5388999999999999,0.5680000000000001,0.4927400000000001,0.53422,0.44802,0.21744
OrdinalEncoder,dresses-sales,dtosmote,SVM,solid_angle,1.0,0.54362,0.53,0.5309,0.53214,0.5281399999999999,0.28062
OrdinalEncoder,heart,dtosmote,ABC,solid_angle,1.0,0.7738400000000001,0.7703599999999999,0.75964,0.76858,0.7605599999999999,0.5803
OrdinalEncoder,heart,dtosmote,DTREE,solid_angle,1.0,0.7232000000000001,0.72222,0.70778,0.72032,0.7105600000000001,0.50656
OrdinalEncoder,heart,dtosmote,KNN,solid_angle,1.0,0.5576,0.54076,0.55592,0.53838,0.5396799999999999,0.29892
OrdinalEncoder,heart,dtosmote,LRG,solid_angle,1.0,0.8305999999999999,0.8259200000000001,0.8240799999999999,0.8253999999999999,0.8227399999999999,0.67928
OrdinalEncoder,heart,dtosmote,MLP,solid_angle,1.0,0.80242,0.7889,0.8011199999999999,0.78894,0.7915800000000001,0.6278400000000002
OrdinalEncoder,heart,dtosmote,RF,solid_angle,1.0,0.84146,0.8407399999999999,0.8342799999999999,0.8403799999999999,0.83646,0.7012599999999999
OrdinalEncoder,heart,dtosmote,SGD,solid_angle,1.0,0.45792,0.5481800000000001,0.47682,0.41064,0.119,0.03872
OrdinalEncoder,heart,dtosmote,SVM,solid_angle,1.0,0.62666,0.6073999999999999,0.62424,0.6046000000000001,0.60634,0.36776
OrdinalEncoder,hepatitis,dtosmote,ABC,solid_angle,1.0,0.82804,0.8,0.6492600000000001,0.8051600000000001,0.7066399999999999,0.5098600000000001
OrdinalEncoder,hepatitis,dtosmote,DTREE,solid_angle,1.0,0.7636000000000001,0.7613000000000001,0.5012399999999999,0.7608,0.5890799999999999,0.36298
OrdinalEncoder,hepatitis,dtosmote,KNN,solid_angle,1.0,0.72356,0.5742,0.5718,0.6096199999999999,0.55838,0.31734
OrdinalEncoder,hepatitis,dtosmote,LRG,solid_angle,1.0,0.7765600000000001,0.7161200000000001,0.6126400000000001,0.73,0.6411600000000001,0.4225199999999999
OrdinalEncoder,hepatitis,dtosmote,MLP,solid_angle,1.0,0.8289799999999999,0.8,0.69924,0.8074600000000001,0.73698,0.55594
OrdinalEncoder,hepatitis,dtosmote,RF,solid_angle,1.0,0.7771999999999999,0.75484,0.5715999999999999,0.7626000000000002,0.63898,0.4255
OrdinalEncoder,hepatitis,dtosmote,SGD,solid_angle,1.0,0.7669199999999999,0.5871,0.6751,0.6178199999999999,0.6064999999999999,0.3760199999999999
OrdinalEncoder,hepatitis,dtosmote,SVM,solid_angle,1.0,0.7255,0.55486,0.6046400000000001,0.59154,0.56972,0.32416
OrdinalEncoder,horse-colic-surgical,dtosmote,ABC,solid_angle,1.0,0.8203600000000001,0.8166400000000001,0.79396,0.81676,0.8025400000000001,0.6487
OrdinalEncoder,horse-colic-surgical,dtosmote,DTREE,solid_angle,1.0,0.79708,0.79,0.7604,0.78872,0.7681800000000001,0.59458
OrdinalEncoder,horse-colic-surgical,dtosmote,KNN,solid_angle,1.0,0.78298,0.78,0.74922,0.77978,0.7606599999999999,0.5817399999999999
OrdinalEncoder,horse-colic-surgical,dtosmote,LRG,solid_angle,1.0,0.7457199999999999,0.76998,0.6273200000000001,0.7295,0.57126,0.4141
OrdinalEncoder,horse-colic-surgical,dtosmote,MLP,solid_angle,1.0,0.5956,0.5933200000000001,0.5028400000000001,0.5001800000000001,0.25949999999999995,0.13494
OrdinalEncoder,horse-colic-surgical,dtosmote,RF,solid_angle,1.0,0.86326,0.86334,0.82044,0.86108,0.8367600000000001,0.70534
OrdinalEncoder,horse-colic-surgical,dtosmote,SGD,solid_angle,1.0,0.29204,0.52332,0.47668,0.37036,0.0,0.0
OrdinalEncoder,horse-colic-surgical,dtosmote,SVM,solid_angle,1.0,0.62092,0.42666000000000004,0.64094,0.34504,0.35184,0.12768
OrdinalEncoder,kddcup-land_vs_portsweep,dtosmote,ABC,solid_angle,1.0,1.0,1.0,1.0,1.0,1.0,1.0
OrdinalEncoder,kddcup-land_vs_portsweep,dtosmote,DTREE,solid_angle,1.0,0.9983,0.9981200000000001,0.95092,0.9981,0.97272,0.9525399999999999
OrdinalEncoder,kddcup-land_vs_portsweep,dtosmote,KNN,solid_angle,1.0,0.99468,0.9924799999999999,0.99984,0.9931,0.99616,0.9915799999999999
OrdinalEncoder,kddcup-land_vs_portsweep,dtosmote,LRG,solid_angle,1.0,0.9951,0.9924599999999998,0.99984,0.99324,0.99616,0.99156
OrdinalEncoder,kddcup-land_vs_portsweep,dtosmote,MLP,solid_angle,1.0,0.99072,0.97926,0.99956,0.98316,0.98936,0.97688
OrdinalEncoder,kddcup-land_vs_portsweep,dtosmote,RF,solid_angle,1.0,1.0,1.0,1.0,1.0,1.0,1.0
OrdinalEncoder,kddcup-land_vs_portsweep,dtosmote,SGD,solid_angle,1.0,0.98468,0.92084,0.99838,0.94584,0.9586,0.91222
OrdinalEncoder,kddcup-land_vs_portsweep,dtosmote,SVM,solid_angle,1.0,0.9911200000000001,0.9830200000000001,0.99964,0.98564,0.9913,0.98108
OrdinalEncoder,thyroid-hypothyroid,dtosmote,ABC,solid_angle,1.0,0.9819,0.97818,0.9045000000000002,0.9794,0.9402799999999999,0.8908400000000001
OrdinalEncoder,thyroid-hypothyroid,dtosmote,DTREE,solid_angle,1.0,0.9769,0.97058,0.87334,0.9728,0.9200200000000001,0.8551799999999999
OrdinalEncoder,thyroid-hypothyroid,dtosmote,KNN,solid_angle,1.0,0.975,0.9551,0.95972,0.9613799999999999,0.95726,0.91606
OrdinalEncoder,thyroid-hypothyroid,dtosmote,LRG,solid_angle,1.0,0.97668,0.96744,0.90356,0.9705,0.93434,0.8791
OrdinalEncoder,thyroid-hypothyroid,dtosmote,MLP,solid_angle,1.0,0.9770200000000001,0.96742,0.90356,0.97052,0.9335,0.8782599999999998
OrdinalEncoder,thyroid-hypothyroid,dtosmote,RF,solid_angle,1.0,0.9839600000000001,0.9797799999999999,0.93584,0.9811,0.95742,0.92072
OrdinalEncoder,thyroid-hypothyroid,dtosmote,SGD,solid_angle,1.0,0.97564,0.9525600000000001,0.9596,0.9600200000000001,0.95554,0.9126999999999998
OrdinalEncoder,thyroid-hypothyroid,dtosmote,SVM,solid_angle,1.0,0.97496,0.9513,0.9722200000000001,0.95878,0.9615600000000001,0.92274
NONE,abalone-3_vs_11,original,ABC,NONE,NONE,0.9985,0.998,0.9999399999999999,0.99814,0.99896,0.99774
NONE,abalone-3_vs_11,original,DTREE,NONE,NONE,1.0,1.0,1.0,1.0,1.0,1.0
NONE,abalone-3_vs_11,original,KNN,NONE,NONE,0.99408,0.9940200000000001,0.8059999999999999,0.9934200000000001,0.8899000000000001,0.8125599999999998
NONE,abalone-3_vs_11,original,LRG,NONE,NONE,0.99216,0.99204,0.7413,0.99066,0.8420799999999999,0.74588
NONE,abalone-3_vs_11,original,MLP,NONE,NONE,0.99408,0.9940200000000001,0.8059999999999999,0.9934200000000001,0.8899000000000001,0.8125599999999998
NONE,abalone-3_vs_11,original,RF,NONE,NONE,1.0,1.0,1.0,1.0,1.0,1.0
NONE,abalone-3_vs_11,original,SGD,NONE,NONE,0.99612,0.99604,0.8706200000000001,0.99506,0.91548,0.8708400000000001
NONE,abalone-3_vs_11,original,SVM,NONE,NONE,0.99408,0.9940200000000001,0.8059999999999999,0.9934200000000001,0.8899000000000001,0.8125599999999998
NONE,credit-approval,original,ABC,NONE,NONE,0.8414399999999999,0.83768,0.8386400000000002,0.8377800000000001,0.8371799999999999,0.7014199999999999
NONE,credit-approval,original,DTREE,NONE,NONE,0.8104600000000002,0.8086800000000001,0.8042199999999999,0.8085000000000001,0.8054199999999998,0.6494199999999999
NONE,credit-approval,original,KNN,NONE,NONE,0.71706,0.7159399999999999,0.7046,0.7148599999999999,0.7073600000000001,0.50124
NONE,credit-approval,original,LRG,NONE,NONE,0.8641,0.8565399999999999,0.8621800000000001,0.8564599999999999,0.8572799999999999,0.73658
NONE,credit-approval,original,MLP,NONE,NONE,0.78062,0.76956,0.7561399999999999,0.7665399999999999,0.7548999999999999,0.57662
NONE,credit-approval,original,RF,NONE,NONE,0.8756200000000002,0.8724799999999999,0.8700800000000001,0.8723599999999999,0.8702200000000001,0.7579
NONE,credit-approval,original,SGD,NONE,NONE,0.5828800000000001,0.5710000000000001,0.56798,0.5401600000000001,0.4880800000000001,0.27112
NONE,credit-approval,original,SVM,NONE,NONE,0.69912,0.6521799999999999,0.58172,0.60724,0.52554,0.27996
NONE,dataset_31_credit-g,original,ABC,NONE,NONE,0.7088599999999999,0.723,0.55748,0.71244,0.6046600000000001,0.3733400000000001
NONE,dataset_31_credit-g,original,DTREE,NONE,NONE,0.68234,0.6950000000000001,0.53404,0.68666,0.5789599999999999,0.34328000000000003
NONE,dataset_31_credit-g,original,KNN,NONE,NONE,0.7056000000000001,0.725,0.5088199999999999,0.70208,0.5515000000000001,0.3165
NONE,dataset_31_credit-g,original,LRG,NONE,NONE,0.7264600000000001,0.7379999999999999,0.58106,0.7289800000000001,0.6290600000000001,0.4043600000000001
NONE,dataset_31_credit-g,original,MLP,NONE,NONE,0.7062999999999999,0.7040000000000001,0.5969399999999999,0.7048,0.63598,0.4107
NONE,dataset_31_credit-g,original,RF,NONE,NONE,0.73116,0.74,0.4504800000000001,0.6910000000000001,0.4713600000000001,0.22976
NONE,dataset_31_credit-g,original,SGD,NONE,NONE,0.6772600000000001,0.6769999999999999,0.4787199999999999,0.6393000000000001,0.4618399999999999,0.22648000000000001
NONE,dataset_31_credit-g,original,SVM,NONE,NONE,0.7336,0.748,0.50722,0.7167399999999999,0.5482,0.30992
NONE,dermatology,original,ABC,NONE,NONE,0.56528,0.6335000000000001,0.91654,0.56066,0.61098,0.5641999999999999
NONE,dermatology,original,DTREE,NONE,NONE,0.9465,0.94534,0.98742,0.9445,0.96512,0.9304400000000002
NONE,dermatology,original,KNN,NONE,NONE,0.78556,0.7623,0.9537600000000002,0.7618400000000001,0.8428200000000001,0.72142
NONE,dermatology,original,LRG,NONE,NONE,0.97522,0.97542,0.9949600000000001,0.97516,0.98472,0.9693799999999999
NONE,dermatology,original,MLP,NONE,NONE,0.96716,0.96716,0.9934799999999999,0.9667600000000001,0.97948,0.95968
NONE,dermatology,original,RF,NONE,NONE,0.97798,0.97812,0.99554,0.9778600000000001,0.9863799999999999,0.9728
NONE,dermatology,original,SGD,NONE,NONE,0.7269599999999999,0.5760400000000001,0.92904,0.5439,0.6184000000000001,0.50302
NONE,dermatology,original,SVM,NONE,NONE,0.35138,0.5082399999999999,0.79278,0.3901600000000001,0.4031400000000001,0.31354000000000004
NONE,dresses-sales,original,ABC,NONE,NONE,0.5897600000000001,0.596,0.54718,0.58486,0.54576,0.30118
NONE,dresses-sales,original,DTREE,NONE,NONE,0.53608,0.5319999999999999,0.5153,0.5324800000000001,0.51878,0.27088
NONE,dresses-sales,original,KNN,NONE,NONE,0.5527400000000001,0.562,0.516,0.55408,0.51832,0.27092
NONE,dresses-sales,original,LRG,NONE,NONE,0.5918800000000001,0.5980000000000001,0.5460200000000001,0.5853200000000001,0.5432599999999999,0.29764
NONE,dresses-sales,original,MLP,NONE,NONE,0.55748,0.5579999999999999,0.5314800000000001,0.5552600000000001,0.5343600000000001,0.28704
NONE,dresses-sales,original,RF,NONE,NONE,0.5740000000000001,0.584,0.5214200000000001,0.56392,0.50746,0.26358000000000004
NONE,dresses-sales,original,SGD,NONE,NONE,0.58236,0.584,0.5385,0.55182,0.48576,0.25032
NONE,dresses-sales,original,SVM,NONE,NONE,0.6020199999999999,0.606,0.5058199999999999,0.5583199999999999,0.4541399999999999,0.21162
NONE,heart,original,ABC,NONE,NONE,0.7417199999999999,0.74074,0.73424,0.7404000000000001,0.73602,0.54506
NONE,heart,original,DTREE,NONE,NONE,0.748,0.74816,0.7351800000000001,0.74692,0.73892,0.5476599999999999
NONE,heart,original,KNN,NONE,NONE,0.5751,0.5777599999999999,0.5572,0.5734800000000001,0.55684,0.31703999999999993
NONE,heart,original,LRG,NONE,NONE,0.81586,0.8148199999999999,0.80852,0.81416,0.80988,0.6600600000000001
NONE,heart,original,MLP,NONE,NONE,0.8134399999999999,0.8074,0.7976,0.80556,0.79752,0.6386200000000001
NONE,heart,original,RF,NONE,NONE,0.8123400000000001,0.8111200000000001,0.7988799999999999,0.8095800000000001,0.80166,0.6479600000000001
NONE,heart,original,SGD,NONE,NONE,0.24194,0.4888800000000001,0.5111199999999999,0.32282,0.0,0.0
NONE,heart,original,SVM,NONE,NONE,0.35446,0.5556,0.45274,0.41866000000000003,0.08334,0.034960000000000005
NONE,hepatitis,original,ABC,NONE,NONE,0.8120200000000001,0.8258399999999998,0.56906,0.8154,0.65176,0.44758
NONE,hepatitis,original,DTREE,NONE,NONE,0.7853399999999999,0.7741999999999999,0.5674,0.7780199999999999,0.6413399999999999,0.4285399999999999
NONE,hepatitis,original,KNN,NONE,NONE,0.62228,0.7483600000000001,0.19496,0.6793600000000001,0.0,0.0
NONE,hepatitis,original,LRG,NONE,NONE,0.87374,0.8838799999999999,0.66594,0.8744,0.7339800000000001,0.57996
NONE,hepatitis,original,MLP,NONE,NONE,0.8016800000000001,0.8322800000000001,0.48012,0.80128,0.5113800000000001,0.34302
NONE,hepatitis,original,RF,NONE,NONE,0.8399999999999999,0.8516199999999999,0.59614,0.8412200000000001,0.6845600000000001,0.4894
NONE,hepatitis,original,SGD,NONE,NONE,0.7138800000000001,0.7290399999999999,0.4168,0.7118,0.4234999999999999,0.23680000000000004
NONE,hepatitis,original,SVM,NONE,NONE,0.6300000000000001,0.7935800000000001,0.20642,0.70228,0.0,0.0
NONE,horse-colic-surgical,original,ABC,NONE,NONE,0.8303200000000001,0.8299999999999998,0.7883799999999999,0.8289199999999999,0.8053600000000001,0.6542600000000001
NONE,horse-colic-surgical,original,DTREE,NONE,NONE,0.8429800000000001,0.8433200000000001,0.8115400000000002,0.8428000000000001,0.8251200000000001,0.68512
NONE,horse-colic-surgical,original,KNN,NONE,NONE,0.8116399999999999,0.8099999999999999,0.7289800000000001,0.80282,0.75356,0.57444
NONE,horse-colic-surgical,original,LRG,NONE,NONE,0.66722,0.7299800000000001,0.5280199999999999,0.6568,0.39278,0.26204
NONE,horse-colic-surgical,original,MLP,NONE,NONE,0.5048,0.6233199999999999,0.4857800000000001,0.5083,0.1834,0.12114
NONE,horse-colic-surgical,original,RF,NONE,NONE,0.8697600000000001,0.8666799999999999,0.8058,0.8634200000000001,0.8287399999999999,0.69204
NONE,horse-colic-surgical,original,SGD,NONE,NONE,0.2987,0.53,0.47,0.37758,0.0,0.0
NONE,horse-colic-surgical,original,SVM,NONE,NONE,0.40538,0.63664,0.36336,0.49538000000000004,0.0,0.0
NONE,kddcup-land_vs_portsweep,original,ABC,NONE,NONE,0.99924,0.9990600000000001,0.99998,0.9991,0.9995200000000001,0.9989399999999999
NONE,kddcup-land_vs_portsweep,original,DTREE,NONE,NONE,0.99924,0.9990600000000001,0.99998,0.9991,0.9995200000000001,0.9989399999999999
NONE,kddcup-land_vs_portsweep,original,KNN,NONE,NONE,0.99874,0.9981200000000001,0.9999600000000001,0.9983,0.9990400000000002,0.9979
NONE,kddcup-land_vs_portsweep,original,LRG,NONE,NONE,0.99924,0.9990600000000001,0.99998,0.9991,0.9995200000000001,0.9989399999999999
NONE,kddcup-land_vs_portsweep,original,MLP,NONE,NONE,0.9983,0.9981200000000001,0.95092,0.9981,0.97272,0.9525399999999999
NONE,kddcup-land_vs_portsweep,original,RF,NONE,NONE,1.0,1.0,1.0,1.0,1.0,1.0
NONE,kddcup-land_vs_portsweep,original,SGD,NONE,NONE,0.99718,0.99718,0.8628199999999999,0.997,0.9252799999999999,0.8702400000000001
NONE,kddcup-land_vs_portsweep,original,SVM,NONE,NONE,0.99874,0.9981200000000001,0.9999600000000001,0.9983,0.9990400000000002,0.9979
NONE,thyroid-hypothyroid,original,ABC,NONE,NONE,0.99016,0.9902,0.8797799999999999,0.99008,0.93268,0.87984
NONE,thyroid-hypothyroid,original,DTREE,NONE,NONE,0.9874,0.98736,0.87374,0.98734,0.92784,0.8714799999999999
NONE,thyroid-hypothyroid,original,KNN,NONE,NONE,0.98194,0.9826,0.77956,0.98214,0.8732200000000001,0.77898
NONE,thyroid-hypothyroid,original,LRG,NONE,NONE,0.9805,0.98136,0.7218399999999999,0.98034,0.8388,0.72264
NONE,thyroid-hypothyroid,original,MLP,NONE,NONE,0.98674,0.98704,0.83636,0.9867799999999999,0.90738,0.83644
NONE,thyroid-hypothyroid,original,RF,NONE,NONE,0.98814,0.9883,0.8423400000000001,0.9880600000000002,0.91142,0.8432400000000001
NONE,thyroid-hypothyroid,original,SGD,NONE,NONE,0.97714,0.97438,0.7278399999999999,0.9736,0.8294199999999998,0.7167600000000001
NONE,thyroid-hypothyroid,original,SVM,NONE,NONE,0.98074,0.9816799999999999,0.7222799999999999,0.9806799999999999,0.8394199999999999,0.72346
NONE,abalone-3_vs_11,smotenc,ABC,NONE,NONE,1.0,1.0,1.0,1.0,1.0,1.0
NONE,abalone-3_vs_11,smotenc,DTREE,NONE,NONE,1.0,1.0,1.0,1.0,1.0,1.0
NONE,abalone-3_vs_11,smotenc,KNN,NONE,NONE,0.9925799999999999,0.9920200000000001,0.80594,0.99156,0.88886,0.8103
NONE,abalone-3_vs_11,smotenc,LRG,NONE,NONE,0.99072,0.98406,0.9995200000000001,0.9861,0.99172,0.98206
NONE,abalone-3_vs_11,smotenc,MLP,NONE,NONE,0.99612,0.9940200000000001,0.99982,0.99464,0.9969,0.99326
NONE,abalone-3_vs_11,smotenc,RF,NONE,NONE,1.0,1.0,1.0,1.0,1.0,1.0
NONE,abalone-3_vs_11,smotenc,SGD,NONE,NONE,0.9976,0.996,0.9998799999999999,0.99648,0.99792,0.9955
NONE,abalone-3_vs_11,smotenc,SVM,NONE,NONE,0.9911,0.9900399999999999,0.8058799999999999,0.98972,0.88784,0.80806
NONE,credit-approval,smotenc,ABC,NONE,NONE,0.8460200000000001,0.8420200000000001,0.8448200000000001,0.84224,0.8426199999999999,0.7105199999999999
NONE,credit-approval,smotenc,DTREE,NONE,NONE,0.8052600000000001,0.8029,0.7976,0.80256,0.7988999999999999,0.6390600000000001
NONE,credit-approval,smotenc,KNN,NONE,NONE,0.72648,0.7217600000000001,0.7222,0.722,0.7207800000000001,0.52082
NONE,credit-approval,smotenc,LRG,NONE,NONE,0.86506,0.8550799999999998,0.8624799999999999,0.8549200000000001,0.8560000000000001,0.7335200000000001
NONE,credit-approval,smotenc,MLP,NONE,NONE,0.77952,0.7724599999999999,0.77346,0.7719400000000001,0.7700199999999999,0.5938399999999999
NONE,credit-approval,smotenc,RF,NONE,NONE,0.86724,0.8637799999999999,0.8643599999999999,0.8638399999999999,0.8631800000000001,0.74558
NONE,credit-approval,smotenc,SGD,NONE,NONE,0.62034,0.5971,0.6206200000000001,0.59372,0.59778,0.3602
NONE,credit-approval,smotenc,SVM,NONE,NONE,0.69872,0.6608599999999999,0.5949800000000001,0.6229800000000001,0.55056,0.30752
NONE,dataset_31_credit-g,smotenc,ABC,NONE,NONE,0.7147600000000001,0.728,0.5653199999999999,0.7181200000000001,0.61342,0.38376
NONE,dataset_31_credit-g,smotenc,DTREE,NONE,NONE,0.68494,0.69,0.55476,0.68682,0.5977600000000001,0.3632
NONE,dataset_31_credit-g,smotenc,KNN,NONE,NONE,0.7063,0.7240000000000001,0.5255,0.7062000000000002,0.57298,0.33578
NONE,dataset_31_credit-g,smotenc,LRG,NONE,NONE,0.7329800000000001,0.7429999999999999,0.5946199999999999,0.73538,0.6421,0.42066
NONE,dataset_31_credit-g,smotenc,MLP,NONE,NONE,0.70134,0.7040000000000001,0.5798,0.7021200000000001,0.6219399999999999,0.39361999999999997
NONE,dataset_31_credit-g,smotenc,RF,NONE,NONE,0.73478,0.748,0.50342,0.7159399999999999,0.54438,0.30504000000000003
NONE,dataset_31_credit-g,smotenc,SGD,NONE,NONE,0.7193400000000001,0.706,0.57496,0.6934799999999999,0.59322,0.3618
NONE,dataset_31_credit-g,smotenc,SVM,NONE,NONE,0.73098,0.7449999999999999,0.5135599999999999,0.7168400000000001,0.55658,0.31886000000000003
NONE,dermatology,smotenc,ABC,NONE,NONE,0.3297,0.47842,0.8445,0.36714,0.38166,0.3275
NONE,dermatology,smotenc,DTREE,NONE,NONE,0.9477,0.9399,0.98892,0.9395599999999998,0.96278,0.9257799999999999
NONE,dermatology,smotenc,KNN,NONE,NONE,0.81212,0.76778,0.95836,0.7730400000000001,0.8504200000000001,0.7278600000000001
NONE,dermatology,smotenc,LRG,NONE,NONE,0.9605,0.95904,0.99322,0.9595,0.9754000000000002,0.95084
NONE,dermatology,smotenc,MLP,NONE,NONE,0.9755,0.9726799999999999,0.99558,0.97278,0.98344,0.9670200000000001
NONE,dermatology,smotenc,RF,NONE,NONE,0.98216,0.9809,0.9963,0.98096,0.9883,0.9761799999999999
NONE,dermatology,smotenc,SGD,NONE,NONE,0.8417200000000001,0.8281200000000001,0.9668600000000002,0.8124600000000001,0.8590199999999999,0.79132
NONE,dermatology,smotenc,SVM,NONE,NONE,0.5767599999999999,0.5875600000000001,0.91324,0.5583600000000001,0.66638,0.52666
NONE,dresses-sales,smotenc,ABC,NONE,NONE,0.5571200000000001,0.5539999999999999,0.53514,0.5516,0.5344599999999999,0.28698
NONE,dresses-sales,smotenc,DTREE,NONE,NONE,0.50508,0.488,0.4952599999999999,0.49012,0.48894,0.2397
NONE,dresses-sales,smotenc,KNN,NONE,NONE,0.5654399999999999,0.518,0.57082,0.5079400000000001,0.51654,0.26688
NONE,dresses-sales,smotenc,LRG,NONE,NONE,0.57524,0.578,0.5433399999999999,0.5707199999999999,0.5418000000000001,0.29588000000000003
NONE,dresses-sales,smotenc,MLP,NONE,NONE,0.54878,0.5479999999999999,0.5229199999999999,0.5445,0.52332,0.27613999999999994
NONE,dresses-sales,smotenc,RF,NONE,NONE,0.54296,0.5399999999999999,0.51978,0.53606,0.51612,0.26798
NONE,dresses-sales,smotenc,SGD,NONE,NONE,0.57344,0.552,0.52584,0.51052,0.4492600000000001,0.20444
NONE,dresses-sales,smotenc,SVM,NONE,NONE,0.58472,0.5900000000000001,0.5441600000000001,0.5784400000000001,0.5399,0.29425999999999997
NONE,heart,smotenc,ABC,NONE,NONE,0.7794800000000001,0.77776,0.7722399999999999,0.7775000000000001,0.7737400000000001,0.6017399999999999
NONE,heart,smotenc,DTREE,NONE,NONE,0.75794,0.75556,0.7461,0.75442,0.74768,0.56052
NONE,heart,smotenc,KNN,NONE,NONE,0.5791000000000001,0.5777800000000001,0.5688799999999999,0.5769599999999999,0.5695400000000002,0.32638
NONE,heart,smotenc,LRG,NONE,NONE,0.8120200000000001,0.81114,0.8055399999999999,0.8107600000000001,0.80712,0.6553199999999999
NONE,heart,smotenc,MLP,NONE,NONE,0.7554399999999999,0.74816,0.74352,0.7467199999999999,0.7411800000000001,0.55076
NONE,heart,smotenc,RF,NONE,NONE,0.8152200000000001,0.8148199999999999,0.80852,0.81448,0.8106199999999999,0.6601
NONE,heart,smotenc,SGD,NONE,NONE,0.24194,0.48888,0.51112,0.32282,0.0,0.0
NONE,heart,smotenc,SVM,NONE,NONE,0.60698,0.5962799999999999,0.60036,0.59526,0.59262,0.35917999999999994
NONE,hepatitis,smotenc,ABC,NONE,NONE,0.82406,0.8258200000000001,0.60544,0.82126,0.6833199999999999,0.4845
NONE,hepatitis,smotenc,DTREE,NONE,NONE,0.7950999999999999,0.76776,0.6209199999999999,0.77552,0.6712600000000001,0.47056000000000003
NONE,hepatitis,smotenc,KNN,NONE,NONE,0.6696,0.54194,0.45,0.58162,0.43343999999999994,0.23992
NONE,hepatitis,smotenc,LRG,NONE,NONE,0.8487399999999999,0.8451599999999999,0.6255599999999999,0.8362,0.68424,0.50868
NONE,hepatitis,smotenc,MLP,NONE,NONE,0.8473599999999999,0.8516199999999999,0.61706,0.8430799999999999,0.69494,0.51108
NONE,hepatitis,smotenc,RF,NONE,NONE,0.8186,0.8193600000000001,0.60798,0.8134600000000001,0.6745399999999999,0.48038
NONE,hepatitis,smotenc,SGD,NONE,NONE,0.73298,0.7097,0.46596000000000004,0.66562,0.26832,0.18734
NONE,hepatitis,smotenc,SVM,NONE,NONE,0.7187399999999999,0.5742,0.5694600000000001,0.61116,0.5603,0.31866
NONE,horse-colic-surgical,smotenc,ABC,NONE,NONE,0.8056000000000001,0.8066800000000001,0.76364,0.8055200000000001,0.78114,0.61356
NONE,horse-colic-surgical,smotenc,DTREE,NONE,NONE,0.8019400000000001,0.79998,0.7595000000000001,0.799,0.77518,0.60428
NONE,horse-colic-surgical,smotenc,KNN,NONE,NONE,0.7952600000000001,0.7933399999999999,0.7552000000000001,0.7924599999999999,0.7695000000000001,0.59596
NONE,horse-colic-surgical,smotenc,LRG,NONE,NONE,0.70306,0.74334,0.60744,0.70536,0.5534600000000001,0.3881
NONE,horse-colic-surgical,smotenc,MLP,NONE,NONE,0.5827600000000001,0.6100000000000001,0.5372199999999999,0.5329600000000001,0.32486000000000004,0.18722
NONE,horse-colic-surgical,smotenc,RF,NONE,NONE,0.8646199999999998,0.8633199999999999,0.81152,0.8611000000000001,0.8319799999999999,0.6981400000000001
NONE,horse-colic-surgical,smotenc,SGD,NONE,NONE,0.34538,0.5766399999999999,0.42336,0.42926000000000003,0.0,0.0
NONE,horse-colic-surgical,smotenc,SVM,NONE,NONE,0.6220600000000001,0.42668,0.6411800000000001,0.34781999999999996,0.35894000000000004,0.12946
NONE,kddcup-land_vs_portsweep,smotenc,ABC,NONE,NONE,1.0,1.0,1.0,1.0,1.0,1.0
NONE,kddcup-land_vs_portsweep,smotenc,DTREE,NONE,NONE,1.0,1.0,1.0,1.0,1.0,1.0
NONE,kddcup-land_vs_portsweep,smotenc,KNN,NONE,NONE,0.99874,0.9981200000000001,0.9999600000000001,0.9983,0.9990400000000002,0.9979
NONE,kddcup-land_vs_portsweep,smotenc,LRG,NONE,NONE,0.99924,0.9990600000000001,0.99998,0.9991,0.9995200000000001,0.9989399999999999
NONE,kddcup-land_vs_portsweep,smotenc,MLP,NONE,NONE,0.99924,0.9990600000000001,0.99998,0.9991,0.9995200000000001,0.9989399999999999
NONE,kddcup-land_vs_portsweep,smotenc,RF,NONE,NONE,1.0,1.0,1.0,1.0,1.0,1.0
NONE,kddcup-land_vs_portsweep,smotenc,SGD,NONE,NONE,0.99924,0.9990600000000001,0.99998,0.9991,0.9995200000000001,0.9989399999999999
NONE,kddcup-land_vs_portsweep,smotenc,SVM,NONE,NONE,0.99874,0.9981200000000001,0.9999600000000001,0.9983,0.9990400000000002,0.9979
NONE,thyroid-hypothyroid,smotenc,ABC,NONE,NONE,0.98398,0.9804,0.92364,0.9815,0.9511,0.91008
NONE,thyroid-hypothyroid,smotenc,DTREE,NONE,NONE,0.9858,0.9848399999999999,0.8795200000000001,0.9851,0.93008,0.8743799999999999
NONE,thyroid-hypothyroid,smotenc,KNN,NONE,NONE,0.97826,0.9706,0.9107200000000001,0.97308,0.9396,0.8885200000000001
NONE,thyroid-hypothyroid,smotenc,LRG,NONE,NONE,0.97662,0.96966,0.88554,0.97202,0.92596,0.86516
NONE,thyroid-hypothyroid,smotenc,MLP,NONE,NONE,0.98002,0.9763,0.8664400000000001,0.97756,0.9191199999999998,0.8542200000000001
NONE,thyroid-hypothyroid,smotenc,RF,NONE,NONE,0.98754,0.98672,0.90494,0.98702,0.9445,0.8996599999999999
NONE,thyroid-hypothyroid,smotenc,SGD,NONE,NONE,0.97012,0.89692,0.92532,0.92218,0.90748,0.8225600000000001
NONE,thyroid-hypothyroid,smotenc,SVM,NONE,NONE,0.97562,0.95794,0.95378,0.96358,0.9558200000000001,0.9141600000000001
